,Title,Body (HTML),Vendor,Type,Tags,Published,Option1 Name,,,,,Product Line,Product Type,Product Name,Option1 Value,Option2 Name,Option2 Value,Option3 Name,Option3 Value,Variant SKU,Variant Grams,Variant Inventory Tracker,Variant Inventory Qty,Variant Inventory Policy,Variant Fulfillment Service,Variant Price,Variant Compare At Price,Variant Requires Shipping,Variant Taxable,Variant Barcode,Image Src,Image Position,Image Alt Text,Gift Card,SEO Title,SEO Description,Google Shopping / Google Product Category,Google Shopping / Gender,Google Shopping / Age Group,Google Shopping / MPN,Google Shopping / AdWords Grouping,Google Shopping / AdWords Labels,Google Shopping / Condition,Google Shopping / Custom Product,Google Shopping / Custom Label 0,Google Shopping / Custom Label 1,Google Shopping / Custom Label 2,Google Shopping / Custom Label 3,Google Shopping / Custom Label 4,Variant Image,Variant Weight Unit,Variant Tax Code,Cost per item,Status
vintage-allspice-essential-oil,Vintage - And Now For The Rest Of The Story - Essential Oil,,Wild Woman Medicine Show,product,"Vintage, Essential Oil",true,Size,9,#VALUE!,45,45,Vintage,Essential_Oil,And_Now_For_The_Rest_Of_The_Story,15ml,,,,,Vintage - And Now For The Rest Of The Story - Essential Oil - 15ml,15,,0,deny,manual,25,,true,true,,https://cdn.shopify.com/s/files/1/1773/1117/files/WWMS_-_Essential_Oil_-_15ml_-_Vintage_-_Allspice_-_Front.png,1,Vintage - Allspice - Essential Oil,false,,,,,,,,,,,,,,,,https://cdn.shopify.com/s/files/1/1773/1117/files/WWMS_-_Essential_Oil_-_15ml_-_Vintage_-_Allspice_-_Front.png,g,,,active
vintage-amber-fragrance-oil,Vintage - Love Sweat and Tears - Essential Oil,,Wild Woman Medicine Show,product,"Vintage, Essential Oil",true,Size,9,#VALUE!,32,32,Vintage,Essential_Oil,Love_Sweat_and_Tears,15ml,,,,,Vintage - Love Sweat and Tears - Essential Oil - 15ml,15,,0,deny,manual,35,,true,true,,https://cdn.shopify.com/s/files/1/1773/1117/files/WWMS_-_Fragrance_Oil_-_15ml_-_Vintage_-_Amber_-_Front.png,1,Vintage - Amber - Fragrance Oil,false,,,,,,,,,,,,,,,,https://cdn.shopify.com/s/files/1/1773/1117/files/WWMS_-_Fragrance_Oil_-_15ml_-_Vintage_-_Amber_-_Front.png,g,,,active
vintage-aniseed-essential-oil,Vintage - Sex On The Beach - Fragrance Oil,,Wild Woman Medicine Show,product,"Vintage, Fragrance Oil",true,Size,9,#VALUE!,28,28,Vintage,Fragrance_Oil,Sex_On_The_Beach,15ml,,,,,Vintage - Sex On The Beach - Fragrance Oil - 15ml,15,,0,deny,manual,18,,true,true,,https://cdn.shopify.com/s/files/1/1773/1117/files/WWMS_-_Essential_Oil_-_15ml_-_Vintage_-_Aniseed_-_Front.png,1,Vintage - Aniseed - Essential Oil,false,,,,,,,,,,,,,,,,https://cdn.shopify.com/s/files/1/1773/1117/files/WWMS_-_Essential_Oil_-_15ml_-_Vintage_-_Aniseed_-_Front.png,g,,,active
vintage-apple-pie-fragrance-oil,Vintage - Smoke on the Water - Essential Oil,,Wild Woman Medicine Show,product,"Vintage, Essential Oil",true,Size,9,#VALUE!,30,30,Vintage,Essential_Oil,Smoke_on_the_Water,15ml,,,,,Vintage - Smoke on the Water - Essential Oil - 15ml,15,,0,deny,manual,30,,true,true,,https://cdn.shopify.com/s/files/1/1773/1117/files/WWMS_-_Fragrance_Oil_-_15ml_-_Vintage_-_Apple_Pie_-_Front.png,1,Vintage - Apple Pie - Fragrance Oil,false,,,,,,,,,,,,,,,,https://cdn.shopify.com/s/files/1/1773/1117/files/WWMS_-_Fragrance_Oil_-_15ml_-_Vintage_-_Apple_Pie_-_Front.png,g,,,active
vintage-armoise-mugwort-essential-oil,,,,,,,,,,,,,,,,,,,,,,,,,,,,true,true,,https://cdn.shopify.com/s/files/1/1773/1117/files/WWMS_-_Essential_Oil_-_15ml_-_Vintage_-_Armoise_Mugwort_-_Front.png,1,Vintage - Armoise Mugwort - Essential Oil,false,,,,,,,,,,,,,,,,https://cdn.shopify.com/s/files/1/1773/1117/files/WWMS_-_Essential_Oil_-_15ml_-_Vintage_-_Armoise_Mugwort_-_Front.png,g,,,active
vintage-back-forest-fragrance-oil,,,,,,,,,,,,,,,,,,,,,,,,,,,,true,true,,https://cdn.shopify.com/s/files/1/1773/1117/files/WWMS_-_Fragrance_Oil_-_15ml_-_Vintage_-_Back_Forest_-_Front.png,1,Vintage - Back Forest - Fragrance Oil,false,,,,,,,,,,,,,,,,https://cdn.shopify.com/s/files/1/1773/1117/files/WWMS_-_Fragrance_Oil_-_15ml_-_Vintage_-_Back_Forest_-_Front.png,g,,,active
vintage-black-magic-fragrance-oil,,,,,,,,,,,,,,,,,,,,,,,,,,,,true,true,,https://cdn.shopify.com/s/files/1/1773/1117/files/WWMS_-_Fragrance_Oil_-_15ml_-_Vintage_-_Black_Magic_-_Front.png,1,Vintage - Black Magic - Fragrance Oil,false,,,,,,,,,,,,,,,,https://cdn.shopify.com/s/files/1/1773/1117/files/WWMS_-_Fragrance_Oil_-_15ml_-_Vintage_-_Black_Magic_-_Front.png,g,,,active
vintage-black-pepper-essential-oil,,,,,,,,,,,,,,,,,,,,,,,,,,,,true,true,,https://cdn.shopify.com/s/files/1/1773/1117/files/WWMS_-_Essential_Oil_-_15ml_-_Vintage_-_Black_Pepper_-_Front.png,1,Vintage - Black Pepper - Essential Oil,false,,,,,,,,,,,,,,,,https://cdn.shopify.com/s/files/1/1773/1117/files/WWMS_-_Essential_Oil_-_15ml_-_Vintage_-_Black_Pepper_-_Front.png,g,,,active
vintage-cade-essential-oil,,,,,,,,,,,,,,,,,,,,,,,,,,,,true,true,,https://cdn.shopify.com/s/files/1/1773/1117/files/WWMS_-_Essential_Oil_-_15ml_-_Vintage_-_Cade_-_Front.png,1,Vintage - Cade - Essential Oil,false,,,,,,,,,,,,,,,,https://cdn.shopify.com/s/files/1/1773/1117/files/WWMS_-_Essential_Oil_-_15ml_-_Vintage_-_Cade_-_Front.png,g,,,active
vintage-cassia-essential-oil,,,,,,,,,,,,,,,,,,,,,,,,,,,,true,true,,https://cdn.shopify.com/s/files/1/1773/1117/files/WWMS_-_Essential_Oil_-_15ml_-_Vintage_-_Cassia_-_Front.png,1,Vintage - Cassia - Essential Oil,false,,,,,,,,,,,,,,,,https://cdn.shopify.com/s/files/1/1773/1117/files/WWMS_-_Essential_Oil_-_15ml_-_Vintage_-_Cassia_-_Front.png,g,,,active
vintage-cedarwood-essential-oil,,,,,,,,,,,,,,,,,,,,,,,,,,,,true,true,,https://cdn.shopify.com/s/files/1/1773/1117/files/WWMS_-_Essential_Oil_-_15ml_-_Vintage_-_Cedarwood_-_Front.png,1,Vintage - Cedarwood - Essential Oil,false,,,,,,,,,,,,,,,,https://cdn.shopify.com/s/files/1/1773/1117/files/WWMS_-_Essential_Oil_-_15ml_-_Vintage_-_Cedarwood_-_Front.png,g,,,active
vintage-champagne-fragrance-oil,,,,,,,,,,,,,,,,,,,,,,,,,,,,true,true,,https://cdn.shopify.com/s/files/1/1773/1117/files/WWMS_-_Fragrance_Oil_-_15ml_-_Vintage_-_Champagne_-_Front.png,1,Vintage - Champagne - Fragrance Oil,false,,,,,,,,,,,,,,,,https://cdn.shopify.com/s/files/1/1773/1117/files/WWMS_-_Fragrance_Oil_-_15ml_-_Vintage_-_Champagne_-_Front.png,g,,,active
vintage-chocolate-fragrance-oil,,,,,,,,,,,,,,,,,,,,,,,,,,,,true,true,,https://cdn.shopify.com/s/files/1/1773/1117/files/WWMS_-_Fragrance_Oil_-_15ml_-_Vintage_-_Chocolate_-_Front.png,1,Vintage - Chocolate - Fragrance Oil,false,,,,,,,,,,,,,,,,https://cdn.shopify.com/s/files/1/1773/1117/files/WWMS_-_Fragrance_Oil_-_15ml_-_Vintage_-_Chocolate_-_Front.png,g,,,active
vintage-clove-bud-essential-oil,,,,,,,,,,,,,,,,,,,,,,,,,,,,true,true,,https://cdn.shopify.com/s/files/1/1773/1117/files/WWMS_-_Essential_Oil_-_15ml_-_Vintage_-_Clove_Bud_-_Front.png,1,Vintage - Clove Bud - Essential Oil,false,,,,,,,,,,,,,,,,https://cdn.shopify.com/s/files/1/1773/1117/files/WWMS_-_Essential_Oil_-_15ml_-_Vintage_-_Clove_Bud_-_Front.png,g,,,active
vintage-cool-water-fragrance-oil,,,,,,,,,,,,,,,,,,,,,,,,,,,,true,true,,https://cdn.shopify.com/s/files/1/1773/1117/files/WWMS_-_Fragrance_Oil_-_15ml_-_Vintage_-_Cool_Water_-_Front.png,1,Vintage - Cool Water - Fragrance Oil,false,,,,,,,,,,,,,,,,https://cdn.shopify.com/s/files/1/1773/1117/files/WWMS_-_Fragrance_Oil_-_15ml_-_Vintage_-_Cool_Water_-_Front.png,g,,,active
vintage-cotton-fragrance-oil,,,,,,,,,,,,,,,,,,,,,,,,,,,,true,true,,https://cdn.shopify.com/s/files/1/1773/1117/files/WWMS_-_Fragrance_Oil_-_15ml_-_Vintage_-_Cotton_-_Front.png,1,Vintage - Cotton - Fragrance Oil,false,,,,,,,,,,,,,,,,https://cdn.shopify.com/s/files/1/1773/1117/files/WWMS_-_Fragrance_Oil_-_15ml_-_Vintage_-_Cotton_-_Front.png,g,,,active
vintage-cypress-essential-oil,,,,,,,,,,,,,,,,,,,,,,,,,,,,true,true,,https://cdn.shopify.com/s/files/1/1773/1117/files/WWMS_-_Essential_Oil_-_15ml_-_Vintage_-_Cypress_-_Front.png,1,Vintage - Cypress - Essential Oil,false,,,,,,,,,,,,,,,,https://cdn.shopify.com/s/files/1/1773/1117/files/WWMS_-_Essential_Oil_-_15ml_-_Vintage_-_Cypress_-_Front.png,g,,,active
vintage-five-fold-orange-essential-oil,,,,,,,,,,,,,,,,,,,,,,,,,,,,true,true,,https://cdn.shopify.com/s/files/1/1773/1117/files/WWMS_-_Essential_Oil_-_15ml_-_Vintage_-_Five_Fold_Orange_-_Front.png,1,Vintage - Five Fold Orange - Essential Oil,false,,,,,,,,,,,,,,,,https://cdn.shopify.com/s/files/1/1773/1117/files/WWMS_-_Essential_Oil_-_15ml_-_Vintage_-_Five_Fold_Orange_-_Front.png,g,,,active
vintage-frangipani-fragrance-oil,,,,,,,,,,,,,,,,,,,,,,,,,,,,true,true,,https://cdn.shopify.com/s/files/1/1773/1117/files/WWMS_-_Fragrance_Oil_-_15ml_-_Vintage_-_Frangipani_-_Front.png,1,Vintage - Frangipani - Fragrance Oil,false,,,,,,,,,,,,,,,,https://cdn.shopify.com/s/files/1/1773/1117/files/WWMS_-_Fragrance_Oil_-_15ml_-_Vintage_-_Frangipani_-_Front.png,g,,,active
vintage-fuzzy-peach-fragrance-oil,,,,,,,,,,,,,,,,,,,,,,,,,,,,true,true,,https://cdn.shopify.com/s/files/1/1773/1117/files/WWMS_-_Fragrance_Oil_-_15ml_-_Vintage_-_Fuzzy_Peach_-_Front.png,1,Vintage - Fuzzy Peach - Fragrance Oil,false,,,,,,,,,,,,,,,,https://cdn.shopify.com/s/files/1/1773/1117/files/WWMS_-_Fragrance_Oil_-_15ml_-_Vintage_-_Fuzzy_Peach_-_Front.png,g,,,active
vintage-ginger-essential-oil,,,,,,,,,,,,,,,,,,,,,,,,,,,,true,true,,https://cdn.shopify.com/s/files/1/1773/1117/files/WWMS_-_Essential_Oil_-_15ml_-_Vintage_-_Ginger_-_Front.png,1,Vintage - Ginger - Essential Oil,false,,,,,,,,,,,,,,,,https://cdn.shopify.com/s/files/1/1773/1117/files/WWMS_-_Essential_Oil_-_15ml_-_Vintage_-_Ginger_-_Front.png,g,,,active
vintage-grapefruit-essential-oil,,,,,,,,,,,,,,,,,,,,,,,,,,,,true,true,,https://cdn.shopify.com/s/files/1/1773/1117/files/WWMS_-_Essential_Oil_-_15ml_-_Vintage_-_Grapefruit_-_Front.png,1,Vintage - Grapefruit - Essential Oil,false,,,,,,,,,,,,,,,,https://cdn.shopify.com/s/files/1/1773/1117/files/WWMS_-_Essential_Oil_-_15ml_-_Vintage_-_Grapefruit_-_Front.png,g,,,active
vintage-green-leaves-fragrance-oil,,,,,,,,,,,,,,,,,,,,,,,,,,,,true,true,,https://cdn.shopify.com/s/files/1/1773/1117/files/WWMS_-_Fragrance_Oil_-_15ml_-_Vintage_-_Green_Leaves_-_Front.png,1,Vintage - Green Leaves - Fragrance Oil,false,,,,,,,,,,,,,,,,https://cdn.shopify.com/s/files/1/1773/1117/files/WWMS_-_Fragrance_Oil_-_15ml_-_Vintage_-_Green_Leaves_-_Front.png,g,,,active
vintage-hawaiian-ginger-fragrance-oil,,,,,,,,,,,,,,,,,,,,,,,,,,,,true,true,,https://cdn.shopify.com/s/files/1/1773/1117/files/WWMS_-_Fragrance_Oil_-_15ml_-_Vintage_-_Hawaiian_Ginger_-_Front.png,1,Vintage - Hawaiian Ginger - Fragrance Oil,false,,,,,,,,,,,,,,,,https://cdn.shopify.com/s/files/1/1773/1117/files/WWMS_-_Fragrance_Oil_-_15ml_-_Vintage_-_Hawaiian_Ginger_-_Front.png,g,,,active
vintage-ho-wood-essential-oil,,,,,,,,,,,,,,,,,,,,,,,,,,,,true,true,,https://cdn.shopify.com/s/files/1/1773/1117/files/WWMS_-_Essential_Oil_-_15ml_-_Vintage_-_Ho_Wood_-_Front.png,1,Vintage - Ho Wood - Essential Oil,false,,,,,,,,,,,,,,,,https://cdn.shopify.com/s/files/1/1773/1117/files/WWMS_-_Essential_Oil_-_15ml_-_Vintage_-_Ho_Wood_-_Front.png,g,,,active
vintage-hyssop-essential-oil,,,,,,,,,,,,,,,,,,,,,,,,,,,,true,true,,https://cdn.shopify.com/s/files/1/1773/1117/files/WWMS_-_Essential_Oil_-_15ml_-_Vintage_-_Hyssop_-_Front.png,1,Vintage - Hyssop - Essential Oil,false,,,,,,,,,,,,,,,,https://cdn.shopify.com/s/files/1/1773/1117/files/WWMS_-_Essential_Oil_-_15ml_-_Vintage_-_Hyssop_-_Front.png,g,,,active
vintage-jamaican-spice-fragrance-oil,,,,,,,,,,,,,,,,,,,,,,,,,,,,true,true,,https://cdn.shopify.com/s/files/1/1773/1117/files/WWMS_-_Fragrance_Oil_-_15ml_-_Vintage_-_Jamaican_Spice_-_Front.png,1,Vintage - Jamaican Spice - Fragrance Oil,false,,,,,,,,,,,,,,,,https://cdn.shopify.com/s/files/1/1773/1117/files/WWMS_-_Fragrance_Oil_-_15ml_-_Vintage_-_Jamaican_Spice_-_Front.png,g,,,active
vintage-jamarosa-essential-oil,,,,,,,,,,,,,,,,,,,,,,,,,,,,true,true,,https://cdn.shopify.com/s/files/1/1773/1117/files/WWMS_-_Essential_Oil_-_15ml_-_Vintage_-_Jamarosa_-_Front.png,1,Vintage - Jamarosa - Essential Oil,false,,,,,,,,,,,,,,,,https://cdn.shopify.com/s/files/1/1773/1117/files/WWMS_-_Essential_Oil_-_15ml_-_Vintage_-_Jamarosa_-_Front.png,g,,,active
vintage-leather-&-lace-fragrance-oil,,,,,,,,,,,,,,,,,,,,,,,,,,,,true,true,,https://cdn.shopify.com/s/files/1/1773/1117/files/WWMS_-_Fragrance_Oil_-_15ml_-_Vintage_-_Leather_&_Lace_-_Front.png,1,Vintage - Leather & Lace - Fragrance Oil,false,,,,,,,,,,,,,,,,https://cdn.shopify.com/s/files/1/1773/1117/files/WWMS_-_Fragrance_Oil_-_15ml_-_Vintage_-_Leather_&_Lace_-_Front.png,g,,,active
vintage-lime-essential-oil,,,,,,,,,,,,,,,,,,,,,,,,,,,,true,true,,https://cdn.shopify.com/s/files/1/1773/1117/files/WWMS_-_Essential_Oil_-_15ml_-_Vintage_-_Lime_-_Front.png,1,Vintage - Lime - Essential Oil,false,,,,,,,,,,,,,,,,https://cdn.shopify.com/s/files/1/1773/1117/files/WWMS_-_Essential_Oil_-_15ml_-_Vintage_-_Lime_-_Front.png,g,,,active
vintage-litsea-cubeba-essential-oil,,,,,,,,,,,,,,,,,,,,,,,,,,,,true,true,,https://cdn.shopify.com/s/files/1/1773/1117/files/WWMS_-_Essential_Oil_-_15ml_-_Vintage_-_Litsea_Cubeba_-_Front.png,1,Vintage - Litsea Cubeba - Essential Oil,false,,,,,,,,,,,,,,,,https://cdn.shopify.com/s/files/1/1773/1117/files/WWMS_-_Essential_Oil_-_15ml_-_Vintage_-_Litsea_Cubeba_-_Front.png,g,,,active
vintage-maple-syrup-fragrance-oil,,,,,,,,,,,,,,,,,,,,,,,,,,,,true,true,,https://cdn.shopify.com/s/files/1/1773/1117/files/WWMS_-_Fragrance_Oil_-_15ml_-_Vintage_-_Maple_Syrup_-_Front.png,1,Vintage - Maple Syrup - Fragrance Oil,false,,,,,,,,,,,,,,,,https://cdn.shopify.com/s/files/1/1773/1117/files/WWMS_-_Fragrance_Oil_-_15ml_-_Vintage_-_Maple_Syrup_-_Front.png,g,,,active
vintage-marjoram-essential-oil,,,,,,,,,,,,,,,,,,,,,,,,,,,,true,true,,https://cdn.shopify.com/s/files/1/1773/1117/files/WWMS_-_Essential_Oil_-_15ml_-_Vintage_-_Marjoram_-_Front.png,1,Vintage - Marjoram - Essential Oil,false,,,,,,,,,,,,,,,,https://cdn.shopify.com/s/files/1/1773/1117/files/WWMS_-_Essential_Oil_-_15ml_-_Vintage_-_Marjoram_-_Front.png,g,,,active
vintage-melissa-essential-oil,,,,,,,,,,,,,,,,,,,,,,,,,,,,true,true,,https://cdn.shopify.com/s/files/1/1773/1117/files/WWMS_-_Essential_Oil_-_15ml_-_Vintage_-_Melissa_-_Front.png,1,Vintage - Melissa - Essential Oil,false,,,,,,,,,,,,,,,,https://cdn.shopify.com/s/files/1/1773/1117/files/WWMS_-_Essential_Oil_-_15ml_-_Vintage_-_Melissa_-_Front.png,g,,,active
vintage-myrtle-essential-oil,,,,,,,,,,,,,,,,,,,,,,,,,,,,true,true,,https://cdn.shopify.com/s/files/1/1773/1117/files/WWMS_-_Essential_Oil_-_15ml_-_Vintage_-_Myrtle_-_Front.png,1,Vintage - Myrtle - Essential Oil,false,,,,,,,,,,,,,,,,https://cdn.shopify.com/s/files/1/1773/1117/files/WWMS_-_Essential_Oil_-_15ml_-_Vintage_-_Myrtle_-_Front.png,g,,,active
vintage-ocean-breeze-fragrance-oil,,,,,,,,,,,,,,,,,,,,,,,,,,,,true,true,,https://cdn.shopify.com/s/files/1/1773/1117/files/WWMS_-_Fragrance_Oil_-_15ml_-_Vintage_-_Ocean_Breeze_-_Front.png,1,Vintage - Ocean Breeze - Fragrance Oil,false,,,,,,,,,,,,,,,,https://cdn.shopify.com/s/files/1/1773/1117/files/WWMS_-_Fragrance_Oil_-_15ml_-_Vintage_-_Ocean_Breeze_-_Front.png,g,,,active
vintage-opium-fragrance-oil,,,,,,,,,,,,,,,,,,,,,,,,,,,,true,true,,https://cdn.shopify.com/s/files/1/1773/1117/files/WWMS_-_Fragrance_Oil_-_15ml_-_Vintage_-_Opium_-_Front.png,1,Vintage - Opium - Fragrance Oil,false,,,,,,,,,,,,,,,,https://cdn.shopify.com/s/files/1/1773/1117/files/WWMS_-_Fragrance_Oil_-_15ml_-_Vintage_-_Opium_-_Front.png,g,,,active
vintage-palmarosa-essential-oil,,,,,,,,,,,,,,,,,,,,,,,,,,,,true,true,,https://cdn.shopify.com/s/files/1/1773/1117/files/WWMS_-_Essential_Oil_-_15ml_-_Vintage_-_Palmarosa_-_Front.png,1,Vintage - Palmarosa - Essential Oil,false,,,,,,,,,,,,,,,,https://cdn.shopify.com/s/files/1/1773/1117/files/WWMS_-_Essential_Oil_-_15ml_-_Vintage_-_Palmarosa_-_Front.png,g,,,active
vintage-palo-santo-essential-oil,,,,,,,,,,,,,,,,,,,,,,,,,,,,true,true,,https://cdn.shopify.com/s/files/1/1773/1117/files/WWMS_-_Essential_Oil_-_15ml_-_Vintage_-_Palo_Santo_-_Front.png,1,Vintage - Palo Santo - Essential Oil,false,,,,,,,,,,,,,,,,https://cdn.shopify.com/s/files/1/1773/1117/files/WWMS_-_Essential_Oil_-_15ml_-_Vintage_-_Palo_Santo_-_Front.png,g,,,active
vintage-patchouli-light-essential-oil,,,,,,,,,,,,,,,,,,,,,,,,,,,,true,true,,https://cdn.shopify.com/s/files/1/1773/1117/files/WWMS_-_Essential_Oil_-_15ml_-_Vintage_-_Patchouli_Light_-_Front.png,1,Vintage - Patchouli Light - Essential Oil,false,,,,,,,,,,,,,,,,https://cdn.shopify.com/s/files/1/1773/1117/files/WWMS_-_Essential_Oil_-_15ml_-_Vintage_-_Patchouli_Light_-_Front.png,g,,,active
vintage-peaches-&-cream-fragrance-oil,,,,,,,,,,,,,,,,,,,,,,,,,,,,true,true,,https://cdn.shopify.com/s/files/1/1773/1117/files/WWMS_-_Fragrance_Oil_-_15ml_-_Vintage_-_Peaches_&_Cream_-_Front.png,1,Vintage - Peaches & Cream - Fragrance Oil,false,,,,,,,,,,,,,,,,https://cdn.shopify.com/s/files/1/1773/1117/files/WWMS_-_Fragrance_Oil_-_15ml_-_Vintage_-_Peaches_&_Cream_-_Front.png,g,,,active
vintage-pennyroyal-essential-oil,,,,,,,,,,,,,,,,,,,,,,,,,,,,true,true,,https://cdn.shopify.com/s/files/1/1773/1117/files/WWMS_-_Essential_Oil_-_15ml_-_Vintage_-_Pennyroyal_-_Front.png,1,Vintage - Pennyroyal - Essential Oil,false,,,,,,,,,,,,,,,,https://cdn.shopify.com/s/files/1/1773/1117/files/WWMS_-_Essential_Oil_-_15ml_-_Vintage_-_Pennyroyal_-_Front.png,g,,,active
vintage-pine-scotch-essential-oil,,,,,,,,,,,,,,,,,,,,,,,,,,,,true,true,,https://cdn.shopify.com/s/files/1/1773/1117/files/WWMS_-_Essential_Oil_-_15ml_-_Vintage_-_Pine_Scotch_-_Front.png,1,Vintage - Pine Scotch - Essential Oil,false,,,,,,,,,,,,,,,,https://cdn.shopify.com/s/files/1/1773/1117/files/WWMS_-_Essential_Oil_-_15ml_-_Vintage_-_Pine_Scotch_-_Front.png,g,,,active
vintage-pumpkin-pie-fragrance-oil,,,,,,,,,,,,,,,,,,,,,,,,,,,,true,true,,https://cdn.shopify.com/s/files/1/1773/1117/files/WWMS_-_Fragrance_Oil_-_15ml_-_Vintage_-_Pumpkin_Pie_-_Front.png,1,Vintage - Pumpkin Pie - Fragrance Oil,false,,,,,,,,,,,,,,,,https://cdn.shopify.com/s/files/1/1773/1117/files/WWMS_-_Fragrance_Oil_-_15ml_-_Vintage_-_Pumpkin_Pie_-_Front.png,g,,,active
vintage-raspberry-fragrance-oil,,,,,,,,,,,,,,,,,,,,,,,,,,,,true,true,,https://cdn.shopify.com/s/files/1/1773/1117/files/WWMS_-_Fragrance_Oil_-_15ml_-_Vintage_-_Raspberry_-_Front.png,1,Vintage - Raspberry - Fragrance Oil,false,,,,,,,,,,,,,,,,https://cdn.shopify.com/s/files/1/1773/1117/files/WWMS_-_Fragrance_Oil_-_15ml_-_Vintage_-_Raspberry_-_Front.png,g,,,active
vintage-red-rose-fragrance-oil,,,,,,,,,,,,,,,,,,,,,,,,,,,,true,true,,https://cdn.shopify.com/s/files/1/1773/1117/files/WWMS_-_Fragrance_Oil_-_15ml_-_Vintage_-_Red_Rose_-_Front.png,1,Vintage - Red Rose - Fragrance Oil,false,,,,,,,,,,,,,,,,https://cdn.shopify.com/s/files/1/1773/1117/files/WWMS_-_Fragrance_Oil_-_15ml_-_Vintage_-_Red_Rose_-_Front.png,g,,,active
vintage-remembering-fragrance-oil,,,,,,,,,,,,,,,,,,,,,,,,,,,,true,true,,https://cdn.shopify.com/s/files/1/1773/1117/files/WWMS_-_Fragrance_Oil_-_15ml_-_Vintage_-_Remembering_-_Front.png,1,Vintage - Remembering - Fragrance Oil,false,,,,,,,,,,,,,,,,https://cdn.shopify.com/s/files/1/1773/1117/files/WWMS_-_Fragrance_Oil_-_15ml_-_Vintage_-_Remembering_-_Front.png,g,,,active
vintage-rose-geranium-essential-oil,,,,,,,,,,,,,,,,,,,,,,,,,,,,true,true,,https://cdn.shopify.com/s/files/1/1773/1117/files/WWMS_-_Essential_Oil_-_15ml_-_Vintage_-_Rose_Geranium_-_Front.png,1,Vintage - Rose Geranium - Essential Oil,false,,,,,,,,,,,,,,,,https://cdn.shopify.com/s/files/1/1773/1117/files/WWMS_-_Essential_Oil_-_15ml_-_Vintage_-_Rose_Geranium_-_Front.png,g,,,active
vintage-rosemary-essential-oil,,,,,,,,,,,,,,,,,,,,,,,,,,,,true,true,,https://cdn.shopify.com/s/files/1/1773/1117/files/WWMS_-_Essential_Oil_-_15ml_-_Vintage_-_Rosemary_-_Front.png,1,Vintage - Rosemary - Essential Oil,false,,,,,,,,,,,,,,,,https://cdn.shopify.com/s/files/1/1773/1117/files/WWMS_-_Essential_Oil_-_15ml_-_Vintage_-_Rosemary_-_Front.png,g,,,active
vintage-rosewood-essential-oil,,,,,,,,,,,,,,,,,,,,,,,,,,,,true,true,,https://cdn.shopify.com/s/files/1/1773/1117/files/WWMS_-_Essential_Oil_-_15ml_-_Vintage_-_Rosewood_-_Front.png,1,Vintage - Rosewood - Essential Oil,false,,,,,,,,,,,,,,,,https://cdn.shopify.com/s/files/1/1773/1117/files/WWMS_-_Essential_Oil_-_15ml_-_Vintage_-_Rosewood_-_Front.png,g,,,active
vintage-spearmint-essential-oil,,,,,,,,,,,,,,,,,,,,,,,,,,,,true,true,,https://cdn.shopify.com/s/files/1/1773/1117/files/WWMS_-_Essential_Oil_-_15ml_-_Vintage_-_Spearmint_-_Front.png,1,Vintage - Spearmint - Essential Oil,false,,,,,,,,,,,,,,,,https://cdn.shopify.com/s/files/1/1773/1117/files/WWMS_-_Essential_Oil_-_15ml_-_Vintage_-_Spearmint_-_Front.png,g,,,active
vintage-spring-magnolia-fragrance-oil,,,,,,,,,,,,,,,,,,,,,,,,,,,,true,true,,https://cdn.shopify.com/s/files/1/1773/1117/files/WWMS_-_Fragrance_Oil_-_15ml_-_Vintage_-_Spring_Magnolia_-_Front.png,1,Vintage - Spring Magnolia - Fragrance Oil,false,,,,,,,,,,,,,,,,https://cdn.shopify.com/s/files/1/1773/1117/files/WWMS_-_Fragrance_Oil_-_15ml_-_Vintage_-_Spring_Magnolia_-_Front.png,g,,,active
vintage-sweet-birch-essential-oil,,,,,,,,,,,,,,,,,,,,,,,,,,,,true,true,,https://cdn.shopify.com/s/files/1/1773/1117/files/WWMS_-_Essential_Oil_-_15ml_-_Vintage_-_Sweet_Birch_-_Front.png,1,Vintage - Sweet Birch - Essential Oil,false,,,,,,,,,,,,,,,,https://cdn.shopify.com/s/files/1/1773/1117/files/WWMS_-_Essential_Oil_-_15ml_-_Vintage_-_Sweet_Birch_-_Front.png,g,,,active
vintage-sweet-orange-essential-oil,,,,,,,,,,,,,,,,,,,,,,,,,,,,true,true,,https://cdn.shopify.com/s/files/1/1773/1117/files/WWMS_-_Essential_Oil_-_15ml_-_Vintage_-_Sweet_Orange_-_Front.png,1,Vintage - Sweet Orange - Essential Oil,false,,,,,,,,,,,,,,,,https://cdn.shopify.com/s/files/1/1773/1117/files/WWMS_-_Essential_Oil_-_15ml_-_Vintage_-_Sweet_Orange_-_Front.png,g,,,active
vintage-tea-tree-essential-oil,,,,,,,,,,,,,,,,,,,,,,,,,,,,true,true,,https://cdn.shopify.com/s/files/1/1773/1117/files/WWMS_-_Essential_Oil_-_15ml_-_Vintage_-_Tea_Tree_-_Front.png,1,Vintage - Tea Tree - Essential Oil,false,,,,,,,,,,,,,,,,https://cdn.shopify.com/s/files/1/1773/1117/files/WWMS_-_Essential_Oil_-_15ml_-_Vintage_-_Tea_Tree_-_Front.png,g,,,active
vintage-temptation-fragrance-oil,,,,,,,,,,,,,,,,,,,,,,,,,,,,true,true,,https://cdn.shopify.com/s/files/1/1773/1117/files/WWMS_-_Fragrance_Oil_-_15ml_-_Vintage_-_Temptation_-_Front.png,1,Vintage - Temptation - Fragrance Oil,false,,,,,,,,,,,,,,,,https://cdn.shopify.com/s/files/1/1773/1117/files/WWMS_-_Fragrance_Oil_-_15ml_-_Vintage_-_Temptation_-_Front.png,g,,,active
vintage-vetiver-essential-oil,,,,,,,,,,,,,,,,,,,,,,,,,,,,true,true,,https://cdn.shopify.com/s/files/1/1773/1117/files/WWMS_-_Essential_Oil_-_15ml_-_Vintage_-_Vetiver_-_Front.png,1,Vintage - Vetiver - Essential Oil,false,,,,,,,,,,,,,,,,https://cdn.shopify.com/s/files/1/1773/1117/files/WWMS_-_Essential_Oil_-_15ml_-_Vintage_-_Vetiver_-_Front.png,g,,,active
vintage-water-crystal-fragrance-oil,,,,,,,,,,,,,,,,,,,,,,,,,,,,true,true,,https://cdn.shopify.com/s/files/1/1773/1117/files/WWMS_-_Fragrance_Oil_-_15ml_-_Vintage_-_Water_Crystal_-_Front.png,1,Vintage - Water Crystal - Fragrance Oil,false,,,,,,,,,,,,,,,,https://cdn.shopify.com/s/files/1/1773/1117/files/WWMS_-_Fragrance_Oil_-_15ml_-_Vintage_-_Water_Crystal_-_Front.png,g,,,active
vintage-white-rose-fragrance-oil,,,,,,,,,,,,,,,,,,,,,,,,,,,,true,true,,https://cdn.shopify.com/s/files/1/1773/1117/files/WWMS_-_Fragrance_Oil_-_15ml_-_Vintage_-_White_Rose_-_Front.png,1,Vintage - White Rose - Fragrance Oil,false,,,,,,,,,,,,,,,,https://cdn.shopify.com/s/files/1/1773/1117/files/WWMS_-_Fragrance_Oil_-_15ml_-_Vintage_-_White_Rose_-_Front.png,g,,,active
vintage-winter-fragrance-oil,,,,,,,,,,,,,,,,,,,,,,,,,,,,true,true,,https://cdn.shopify.com/s/files/1/1773/1117/files/WWMS_-_Fragrance_Oil_-_15ml_-_Vintage_-_Winter_-_Front.png,1,Vintage - Winter - Fragrance Oil,false,,,,,,,,,,,,,,,,https://cdn.shopify.com/s/files/1/1773/1117/files/WWMS_-_Fragrance_Oil_-_15ml_-_Vintage_-_Winter_-_Front.png,g,,,active
vintage-wormwood-essential-oil,,,,,,,,,,,,,,,,,,,,,,,,,,,,true,true,,https://cdn.shopify.com/s/files/1/1773/1117/files/WWMS_-_Essential_Oil_-_15ml_-_Vintage_-_Wormwood_-_Front.png,1,Vintage - Wormwood - Essential Oil,false,,,,,,,,,,,,,,,,https://cdn.shopify.com/s/files/1/1773/1117/files/WWMS_-_Essential_Oil_-_15ml_-_Vintage_-_Wormwood_-_Front.png,g,,,active
vintage-yarrow-essential-oil,,,,,,,,,,,,,,,,,,,,,,,,,,,,true,true,,https://cdn.shopify.com/s/files/1/1773/1117/files/WWMS_-_Essential_Oil_-_15ml_-_Vintage_-_Yarrow_-_Front.png,1,Vintage - Yarrow - Essential Oil,false,,,,,,,,,,,,,,,,https://cdn.shopify.com/s/files/1/1773/1117/files/WWMS_-_Essential_Oil_-_15ml_-_Vintage_-_Yarrow_-_Front.png,g,,,active
vintage-ylang-ylang-essential-oil,,,,,,,,,,,,,,,,,,,,,,,,,,,,true,true,,https://cdn.shopify.com/s/files/1/1773/1117/files/WWMS_-_Essential_Oil_-_15ml_-_Vintage_-_Ylang_Ylang_-_Front.png,1,Vintage - Ylang Ylang - Essential Oil,false,,,,,,,,,,,,,,,,https://cdn.shopify.com/s/files/1/1773/1117/files/WWMS_-_Essential_Oil_-_15ml_-_Vintage_-_Ylang_Ylang_-_Front.png,g,,,active
,,,,,,,,,,,,,,,,,,,,,,,,,,,,true,true,,https://cdn.shopify.com/s/files/1/1773/1117/files/WWMS_-_Essential_Oil_-_15ml_-_Vintage_-_And_Now_For_The_Rest_Of_The_Story_-_Front.png,1,Vintage - And Now For The Rest Of The Story - Essential Oil,false,,,,,,,,,,,,,,,,https://cdn.shopify.com/s/files/1/1773/1117/files/WWMS_-_Essential_Oil_-_15ml_-_Vintage_-_And_Now_For_The_Rest_Of_The_Story_-_Front.png,g,,,active
,,,,,,,,,,,,,,,,,,,,,,,,,,,,true,true,,https://cdn.shopify.com/s/files/1/1773/1117/files/WWMS_-_Essential_Oil_-_15ml_-_Vintage_-_Love_Sweat_and_Tears_-_Front.png,1,Vintage - Love Sweat and Tears - Essential Oil,false,,,,,,,,,,,,,,,,https://cdn.shopify.com/s/files/1/1773/1117/files/WWMS_-_Essential_Oil_-_15ml_-_Vintage_-_Love_Sweat_and_Tears_-_Front.png,g,,,active
,,,,,,,,,,,,,,,,,,,,,,,,,,,,true,true,,https://cdn.shopify.com/s/files/1/1773/1117/files/WWMS_-_Fragrance_Oil_-_15ml_-_Vintage_-_Sex_On_The_Beach_-_Front.png,1,Vintage - Sex On The Beach - Fragrance Oil,false,,,,,,,,,,,,,,,,https://cdn.shopify.com/s/files/1/1773/1117/files/WWMS_-_Fragrance_Oil_-_15ml_-_Vintage_-_Sex_On_The_Beach_-_Front.png,g,,,active
,,,,,,,,,,,,,,,,,,,,,,,,,,,,true,true,,https://cdn.shopify.com/s/files/1/1773/1117/files/WWMS_-_Essential_Oil_-_15ml_-_Vintage_-_Smoke_on_the_Water_-_Front.png,1,Vintage - Smoke on the Water - Essential Oil,false,,,,,,,,,,,,,,,,https://cdn.shopify.com/s/files/1/1773/1117/files/WWMS_-_Essential_Oil_-_15ml_-_Vintage_-_Smoke_on_the_Water_-_Front.png,g,,,active
