Handle,Title,Body (HTML),Vendor,Type,Tags,Published,Option1 Name,Option1 Value,Option2 Name,Option2 Value,Option3 Name,Option3 Value,Variant SKU,Variant Grams,Variant Inventory Tracker,Variant Inventory Qty,Variant Inventory Policy,Variant Fulfillment Service,Variant Price,Variant Compare At Price,Variant Requires Shipping,Variant Taxable,Variant Barcode,Image Src,Image Position,Image Alt Text,Gift Card,SEO Title,SEO Description,Google Shopping / Google Product Category,Google Shopping / Gender,Google Shopping / Age Group,Google Shopping / MPN,Google Shopping / AdWords Grouping,Google Shopping / AdWords Labels,Google Shopping / Condition,Google Shopping / Custom Product,Google Shopping / Custom Label 0,Google Shopping / Custom Label 1,Google Shopping / Custom Label 2,Google Shopping / Custom Label 3,Google Shopping / Custom Label 4,Variant Image,Variant Weight Unit,Variant Tax Code,Cost per item,Status
master-cleanse-a-conspiracy-of-healers-essential-oil-blend,Master Cleanse - A Conspiracy of Healers - Essential Oil Blend ,"I met a Buddha. I climbed from a Lotus Flower Pond, up a hill, using the granite stepping stones, to his Pagoda. While I climbed, he showed me what looked like piano keys, black and white, floating connected in odd configurations in the sky above me. He told me, while pointing at them, that the black and white keys were all LOVE.",Wild Woman Medicine Show,product,"Line: Master Cleanse, Blend: A Conspiracy of Healers, Product: Essential Oil Blend",true,Size,15ml,,,,,Master Cleanse - A Conspiracy of Healers - Essential Oil Blend - 15ml,15,,0,deny,manual,,,true,true,,https://raw.githubusercontent.com/Wild-Woman-Medicine-Show/WWMS/main/Product%20Images/WWMS%20-%20Essential%20Oil%20Blend%20-%2015ml%20-%20Master%20Cleanse%20-%20A%20Conspiracy%20of%20Healers.png,1,Master Cleanse - A Conspiracy of Healers - Essential Oil Blend ,false,,,,,,,,,,,,,,,,https://raw.githubusercontent.com/Wild-Woman-Medicine-Show/WWMS/main/Product%20Images/WWMS%20-%20Essential%20Oil%20Blend%20-%2015ml%20-%20Master%20Cleanse%20-%20A%20Conspiracy%20of%20Healers.png,g,,,archived
master-cleanse-beauty-and-truth-essential-oil-blend,Master Cleanse - Beauty and Truth - Essential Oil Blend ,"Amidst the work of our daily practice we find moments of Bright, Light, Epiphanies, and Joy. Give these the full Power of Attention and they will grow and become a life's Work. Let these moments come and go easily, bless them and make room for more.",Wild Woman Medicine Show,product,"Line: Master Cleanse, Blend: Beauty and Truth, Product: Essential Oil Blend",true,Size,15ml,,,,,Master Cleanse - Beauty and Truth - Essential Oil Blend - 15ml,15,,0,deny,manual,40,,true,true,,https://raw.githubusercontent.com/Wild-Woman-Medicine-Show/WWMS/main/Product%20Images/WWMS%20-%20Essential%20Oil%20Blend%20-%2015ml%20-%20Master%20Cleanse%20-%20Beauty%20and%20Truth.png,1,Master Cleanse - Beauty and Truth - Essential Oil Blend ,false,,,,,,,,,,,,,,,,https://raw.githubusercontent.com/Wild-Woman-Medicine-Show/WWMS/main/Product%20Images/WWMS%20-%20Essential%20Oil%20Blend%20-%2015ml%20-%20Master%20Cleanse%20-%20Beauty%20and%20Truth.png,g,,,active
master-cleanse-blue-star-essential-oil-blend,Master Cleanse - Blue Star - Essential Oil Blend ,"Having a Knowing, Faith and Belief in The Path aligns us with the Pure Force of Nature, The Voice of Spirit and moves us with the Power of our convictions. Be prepared to Stand your Ground.",Wild Woman Medicine Show,product,"Line: Master Cleanse, Blend: Blue Star, Product: Essential Oil Blend",true,Size,15ml,,,,,Master Cleanse - Blue Star - Essential Oil Blend - 15ml,15,,0,deny,manual,40,,true,true,,https://raw.githubusercontent.com/Wild-Woman-Medicine-Show/WWMS/main/Product%20Images/WWMS%20-%20Essential%20Oil%20Blend%20-%2015ml%20-%20Master%20Cleanse%20-%20Blue%20Star.png,1,Master Cleanse - Blue Star - Essential Oil Blend ,false,,,,,,,,,,,,,,,,https://raw.githubusercontent.com/Wild-Woman-Medicine-Show/WWMS/main/Product%20Images/WWMS%20-%20Essential%20Oil%20Blend%20-%2015ml%20-%20Master%20Cleanse%20-%20Blue%20Star.png,g,,,active
master-cleanse-chaos-medicine-essential-oil-blend,Master Cleanse - Chaos Medicine - Essential Oil Blend ,"Chaos Medicine is simply the Knowing that Chaos is the way of the Universe. When we attempt to box Chaos into our need for safety and presumed control of our Lives, we begin to cause disharmony and disease. Faith in the Process.",Wild Woman Medicine Show,product,"Line: Master Cleanse, Blend: Chaos Medicine, Product: Essential Oil Blend",true,Size,15ml,,,,,Master Cleanse - Chaos Medicine - Essential Oil Blend - 15ml,15,,0,deny,manual,40,,true,true,,https://raw.githubusercontent.com/Wild-Woman-Medicine-Show/WWMS/main/Product%20Images/WWMS%20-%20Essential%20Oil%20Blend%20-%2015ml%20-%20Master%20Cleanse%20-%20Chaos%20Medicine.png,1,Master Cleanse - Chaos Medicine - Essential Oil Blend ,false,,,,,,,,,,,,,,,,https://raw.githubusercontent.com/Wild-Woman-Medicine-Show/WWMS/main/Product%20Images/WWMS%20-%20Essential%20Oil%20Blend%20-%2015ml%20-%20Master%20Cleanse%20-%20Chaos%20Medicine.png,g,,,active
master-cleanse-community---shaman-2.0-essential-oil-blend,Master Cleanse - Community - Shaman 2.0 - Essential Oil Blend ,"Root, Heart, Crown. Spirit Communities evolve at different and sometimes inopportune times. When Open, these communities are a Blessing. Often these groups manifest in a sense of ""All at Once!"" They are an incredible Force of Healing. Spirit Groups build and Raise the World's Energy Exponentially, releasing the next level of Cultural Amnesia.",Wild Woman Medicine Show,product,"Line: Master Cleanse, Blend: Community - Shaman 2.0, Product: Essential Oil Blend",true,Size,15ml,,,,,Master Cleanse - Community - Shaman 2.0 - Essential Oil Blend - 15ml,15,,0,deny,manual,40,,true,true,,https://raw.githubusercontent.com/Wild-Woman-Medicine-Show/WWMS/main/Product%20Images/WWMS%20-%20Essential%20Oil%20Blend%20-%2015ml%20-%20Master%20Cleanse%20-%20Community%20-%20Shaman%202.0.png,1,Master Cleanse - Community - Shaman 2.0 - Essential Oil Blend ,false,,,,,,,,,,,,,,,,https://raw.githubusercontent.com/Wild-Woman-Medicine-Show/WWMS/main/Product%20Images/WWMS%20-%20Essential%20Oil%20Blend%20-%2015ml%20-%20Master%20Cleanse%20-%20Community%20-%20Shaman%202.0.png,g,,,active
master-cleanse-emotional-body-essential-oil-blend,Master Cleanse - Emotional Body - Essential Oil Blend ,"Many of us have learned to put away our bigger emotions for some future magical time when it will be easier to deal with them. Feel them. As time passes, the physical body shifts to carry the weight of this old energy. Leading to: sciatica (loss), stiffness (holding back), exhaustion (carrying the weight), inflammation (anger, grief). When we feel in the moment, it can be embarrassing and upsetting for others and that is OK.",Wild Woman Medicine Show,product,"Line: Master Cleanse, Blend: Emotional Body, Product: Essential Oil Blend",true,Size,15ml,,,,,Master Cleanse - Emotional Body - Essential Oil Blend - 15ml,15,,0,deny,manual,40,,true,true,,https://raw.githubusercontent.com/Wild-Woman-Medicine-Show/WWMS/main/Product%20Images/WWMS%20-%20Essential%20Oil%20Blend%20-%2015ml%20-%20Master%20Cleanse%20-%20Emotional%20Body.png,1,Master Cleanse - Emotional Body - Essential Oil Blend ,false,,,,,,,,,,,,,,,,https://raw.githubusercontent.com/Wild-Woman-Medicine-Show/WWMS/main/Product%20Images/WWMS%20-%20Essential%20Oil%20Blend%20-%2015ml%20-%20Master%20Cleanse%20-%20Emotional%20Body.png,g,,,active
master-cleanse-hand-of-the-earth-essential-oil-blend,Master Cleanse - Hand of the Earth - Essential Oil Blend ,"The Sacrum is the fulcrum of the physical body. Babies are first held here and behind the neck. We learn to feel safe and secure in this posture supported with a loved one's hand channeling love energy directly into our physical body. There are times where we could really use more support. Visualize the hand of the Earth cupping your sacrum, gently rocking and soothing. Be supported and healed.",Wild Woman Medicine Show,product,"Line: Master Cleanse, Blend: Hand of the Earth, Product: Essential Oil Blend",true,Size,15ml,,,,,Master Cleanse - Hand of the Earth - Essential Oil Blend - 15ml,15,,0,deny,manual,,,true,true,,https://raw.githubusercontent.com/Wild-Woman-Medicine-Show/WWMS/main/Product%20Images/WWMS%20-%20Essential%20Oil%20Blend%20-%2015ml%20-%20Master%20Cleanse%20-%20Hand%20of%20the%20Earth.png,1,Master Cleanse - Hand of the Earth - Essential Oil Blend ,false,,,,,,,,,,,,,,,,https://raw.githubusercontent.com/Wild-Woman-Medicine-Show/WWMS/main/Product%20Images/WWMS%20-%20Essential%20Oil%20Blend%20-%2015ml%20-%20Master%20Cleanse%20-%20Hand%20of%20the%20Earth.png,g,,,archived
master-cleanse-heartbeat-meditation-essential-oil-blend,Master Cleanse - Heartbeat Meditation - Essential Oil Blend ,"Hearing and counting the Heartbeat strengthens our connection to the Earth's Energy Frequency. This in turn exponentially builds intuition and empathy. This Practice releases the boundaries of Time and Space that box us into this one Timeline. As Humanity remembers, the Hundredth Monkey Effect  kicks in and we Open to the All One.",Wild Woman Medicine Show,product,"Line: Master Cleanse, Blend: Heartbeat Meditation, Product: Essential Oil Blend",true,Size,15ml,,,,,Master Cleanse - Heartbeat Meditation - Essential Oil Blend - 15ml,15,,0,deny,manual,,,true,true,,https://raw.githubusercontent.com/Wild-Woman-Medicine-Show/WWMS/main/Product%20Images/WWMS%20-%20Essential%20Oil%20Blend%20-%2015ml%20-%20Master%20Cleanse%20-%20Heartbeat%20Meditation.png,1,Master Cleanse - Heartbeat Meditation - Essential Oil Blend ,false,,,,,,,,,,,,,,,,https://raw.githubusercontent.com/Wild-Woman-Medicine-Show/WWMS/main/Product%20Images/WWMS%20-%20Essential%20Oil%20Blend%20-%2015ml%20-%20Master%20Cleanse%20-%20Heartbeat%20Meditation.png,g,,,archived
master-cleanse-hormonal-balance-essential-oil-blend,Master Cleanse - Hormonal Balance - Essential Oil Blend ,"Hormonal imbalances, caused by even the smallest amount of stress and pressure, can lead to PMS, sleep disturbances, morning weepiness, low or non-existent libido, hot flashes and more. A decent sleep, a connection to our bodies' timetable, and the energy to live past our coping skills, we easily reset our systems and find the path to enjoy the adventure of LIFE. Hugs and Hang in there",Wild Woman Medicine Show,product,"Line: Master Cleanse, Blend: Hormonal Balance, Product: Essential Oil Blend",true,Size,15ml,,,,,Master Cleanse - Hormonal Balance - Essential Oil Blend - 15ml,15,,0,deny,manual,40,,true,true,,https://raw.githubusercontent.com/Wild-Woman-Medicine-Show/WWMS/main/Product%20Images/WWMS%20-%20Essential%20Oil%20Blend%20-%2015ml%20-%20Master%20Cleanse%20-%20Hormonal%20Balance.png,1,Master Cleanse - Hormonal Balance - Essential Oil Blend ,false,,,,,,,,,,,,,,,,https://raw.githubusercontent.com/Wild-Woman-Medicine-Show/WWMS/main/Product%20Images/WWMS%20-%20Essential%20Oil%20Blend%20-%2015ml%20-%20Master%20Cleanse%20-%20Hormonal%20Balance.png,g,,,active
master-cleanse-love-my-life-essential-oil-blend,Master Cleanse - Love My Life - Essential Oil Blend ,"This blend is a simple gift to ourselves for all of the work. You came here to live your Life in the best way you know how. We always receive what we give attention to. Choose to value your Life, Spirit, and Body before anything else. You are Strong and Able to accurately Choose how and where you offer yor Energy. Embrace Your Adventure.",Wild Woman Medicine Show,product,"Line: Master Cleanse, Blend: Love My Life, Product: Essential Oil Blend",true,Size,15ml,,,,,Master Cleanse - Love My Life - Essential Oil Blend - 15ml,15,,0,deny,manual,,,true,true,,https://raw.githubusercontent.com/Wild-Woman-Medicine-Show/WWMS/main/Product%20Images/WWMS%20-%20Essential%20Oil%20Blend%20-%2015ml%20-%20Master%20Cleanse%20-%20Love%20My%20Life.png,1,Master Cleanse - Love My Life - Essential Oil Blend ,false,,,,,,,,,,,,,,,,https://raw.githubusercontent.com/Wild-Woman-Medicine-Show/WWMS/main/Product%20Images/WWMS%20-%20Essential%20Oil%20Blend%20-%2015ml%20-%20Master%20Cleanse%20-%20Love%20My%20Life.png,g,,,archived
master-cleanse-mind/body-release-essential-oil-blend,Master Cleanse - Mind/Body Release - Essential Oil Blend ,"Be Prepared to Sleep. Listening to our Bodies ailments reveals the Spiritual, Emotional and Mental distress we are hiding from. Listening and Paying Attention to our bodies allows the voice to be soft and easy. When ignored, the body feels it needs to YELL to grab our attention causing pain, discomfort, and exhaustion.",Wild Woman Medicine Show,product,"Line: Master Cleanse, Blend: Mind/Body Release, Product: Essential Oil Blend",true,Size,15ml,,,,,Master Cleanse - Mind/Body Release - Essential Oil Blend - 15ml,15,,0,deny,manual,30,,true,true,,https://raw.githubusercontent.com/Wild-Woman-Medicine-Show/WWMS/main/Product%20Images/WWMS%20-%20Essential%20Oil%20Blend%20-%2015ml%20-%20Master%20Cleanse%20-%20Mind%20Body%20Release.png,1,Master Cleanse - Mind/Body Release - Essential Oil Blend ,false,,,,,,,,,,,,,,,,https://raw.githubusercontent.com/Wild-Woman-Medicine-Show/WWMS/main/Product%20Images/WWMS%20-%20Essential%20Oil%20Blend%20-%2015ml%20-%20Master%20Cleanse%20-%20Mind%20Body%20Release.png,g,,,active
master-cleanse-mirror-essential-oil-blend,Master Cleanse - Mirror - Essential Oil Blend ,Healing the Shadow Self through seeing it. Shine your Bright Light of Spirit on all those you encounter. Be the Beauty that raises the Energy of All. Release the Seed hidden within your Original Wound. It Heals All.,Wild Woman Medicine Show,product,"Line: Master Cleanse, Blend: Mirror, Product: Essential Oil Blend",true,Size,15ml,,,,,Master Cleanse - Mirror - Essential Oil Blend - 15ml,15,,0,deny,manual,,,true,true,,https://raw.githubusercontent.com/Wild-Woman-Medicine-Show/WWMS/main/Product%20Images/WWMS%20-%20Essential%20Oil%20Blend%20-%2015ml%20-%20Master%20Cleanse%20-%20Mirror.png,1,Master Cleanse - Mirror - Essential Oil Blend ,false,,,,,,,,,,,,,,,,https://raw.githubusercontent.com/Wild-Woman-Medicine-Show/WWMS/main/Product%20Images/WWMS%20-%20Essential%20Oil%20Blend%20-%2015ml%20-%20Master%20Cleanse%20-%20Mirror.png,g,,,archived
master-cleanse-physical-body-essential-oil-blend,Master Cleanse - Physical Body - Essential Oil Blend ,"Physical stress and pain is an effective way to keep others at bay. ""Don't Touch Me!"" This practice attempts to close the doors on our original trauma memories. Similar to a young child covering their eyes to hide, thinking they cant be seen if they cant see. Release the Protective Inflammation and walk one more step toward the freedom of the Next Adventure.",Wild Woman Medicine Show,product,"Line: Master Cleanse, Blend: Physical Body, Product: Essential Oil Blend",true,Size,15ml,,,,,Master Cleanse - Physical Body - Essential Oil Blend - 15ml,15,,0,deny,manual,38,,true,true,,https://raw.githubusercontent.com/Wild-Woman-Medicine-Show/WWMS/main/Product%20Images/WWMS%20-%20Essential%20Oil%20Blend%20-%2015ml%20-%20Master%20Cleanse%20-%20Physical%20Body.png,1,Master Cleanse - Physical Body - Essential Oil Blend ,false,,,,,,,,,,,,,,,,https://raw.githubusercontent.com/Wild-Woman-Medicine-Show/WWMS/main/Product%20Images/WWMS%20-%20Essential%20Oil%20Blend%20-%2015ml%20-%20Master%20Cleanse%20-%20Physical%20Body.png,g,,,active
master-cleanse-psychic-protection-essential-oil-blend,Master Cleanse - Psychic Protection - Essential Oil Blend ,"It is very easy to pick up on others Emotions and Physical Symptoms. It is a good practice to build Energetic Boundaries that serve us when we are distracted. Visualize an upside down Quick Silver Egg around you. The Quick Silver Energy moves and shifts to keep your Energy Clear. As you build your Practice, you can change the Colour. Purple for Intuition, Pink for Love, Black for Creativity, Brown for Grounding, Green for Growth and Change.   ",Wild Woman Medicine Show,product,"Line: Master Cleanse, Blend: Psychic Protection, Product: Essential Oil Blend",true,Size,15ml,,,,,Master Cleanse - Psychic Protection - Essential Oil Blend - 15ml,15,,0,deny,manual,38,,true,true,,https://raw.githubusercontent.com/Wild-Woman-Medicine-Show/WWMS/main/Product%20Images/WWMS%20-%20Essential%20Oil%20Blend%20-%2015ml%20-%20Master%20Cleanse%20-%20Psychic%20Protection.png,1,Master Cleanse - Psychic Protection - Essential Oil Blend ,false,,,,,,,,,,,,,,,,https://raw.githubusercontent.com/Wild-Woman-Medicine-Show/WWMS/main/Product%20Images/WWMS%20-%20Essential%20Oil%20Blend%20-%2015ml%20-%20Master%20Cleanse%20-%20Psychic%20Protection.png,g,,,active
master-cleanse-sexual-healing-essential-oil-blend,Master Cleanse - Sexual Healing - Essential Oil Blend ,"Sexual intercourse is a Gift of Universal Love between consenting adults. Embrace a return to the freedom, beauty & ecstacy of physical union. Single-Dual-Multiple Sexual Energy Feeds us, Moves us and brings to life all that is True and Mutable. Sexual Energy Heals on all levels and is Mirrored to the World.",Wild Woman Medicine Show,product,"Line: Master Cleanse, Blend: Sexual Healing, Product: Essential Oil Blend",true,Size,15ml,,,,,Master Cleanse - Sexual Healing - Essential Oil Blend - 15ml,15,,0,deny,manual,32,,true,true,,https://raw.githubusercontent.com/Wild-Woman-Medicine-Show/WWMS/main/Product%20Images/WWMS%20-%20Essential%20Oil%20Blend%20-%2015ml%20-%20Master%20Cleanse%20-%20Sexual%20Healing.png,1,Master Cleanse - Sexual Healing - Essential Oil Blend ,false,,,,,,,,,,,,,,,,https://raw.githubusercontent.com/Wild-Woman-Medicine-Show/WWMS/main/Product%20Images/WWMS%20-%20Essential%20Oil%20Blend%20-%2015ml%20-%20Master%20Cleanse%20-%20Sexual%20Healing.png,g,,,active
master-cleanse-shaman-essential-oil-blend,Master Cleanse - Shaman - Essential Oil Blend ,"The unprotected, uncommitted, distracted body picks up energetic hooks all day, every day. It is the individual's responsibility to keep themselves clear of these hooks. To live an unfettered life. Visualize the hooks losing their barbs and release. See them honorably planted into the Earth. Give thanks for the lessons learned. Send them Universal Love on their Journeys. Breathe their connection into the Earth as They embrace their own Connection.",Wild Woman Medicine Show,product,"Line: Master Cleanse, Blend: Shaman, Product: Essential Oil Blend",true,Size,15ml,,,,,Master Cleanse - Shaman - Essential Oil Blend - 15ml,15,,0,deny,manual,40,,true,true,,https://raw.githubusercontent.com/Wild-Woman-Medicine-Show/WWMS/main/Product%20Images/WWMS%20-%20Essential%20Oil%20Blend%20-%2015ml%20-%20Master%20Cleanse%20-%20Shaman.png,1,Master Cleanse - Shaman - Essential Oil Blend ,false,,,,,,,,,,,,,,,,https://raw.githubusercontent.com/Wild-Woman-Medicine-Show/WWMS/main/Product%20Images/WWMS%20-%20Essential%20Oil%20Blend%20-%2015ml%20-%20Master%20Cleanse%20-%20Shaman.png,g,,,active
master-cleanse-sol-warrior-essential-oil-blend,Master Cleanse - Sol-Warrior - Essential Oil Blend ,"You were born for this. Two Monsters Meeting at the Top of the Mountain The LIGHT and the DARK for generations we have built to this point. Remembering and Awakening to this Time  Humanity's Evolution Candle Burning at Both Ends. Opposite energies burning toward each other over Millennia. The Value of each being equal, it is the disconnect we Heal. Divergent Paths cross. The Balance is in the Middle Time. Some go Left. Some go Right. The Core Builds the New Generation. Grandmas Lead the Way",Wild Woman Medicine Show,product,"Line: Master Cleanse, Blend: Sol-Warrior, Product: Essential Oil Blend",true,Size,15ml,,,,,Master Cleanse - Sol-Warrior - Essential Oil Blend - 15ml,15,,0,deny,manual,,,true,true,,https://raw.githubusercontent.com/Wild-Woman-Medicine-Show/WWMS/main/Product%20Images/WWMS%20-%20Essential%20Oil%20Blend%20-%2015ml%20-%20Master%20Cleanse%20-%20Sol-Warrior.png,1,Master Cleanse - Sol-Warrior - Essential Oil Blend ,false,,,,,,,,,,,,,,,,https://raw.githubusercontent.com/Wild-Woman-Medicine-Show/WWMS/main/Product%20Images/WWMS%20-%20Essential%20Oil%20Blend%20-%2015ml%20-%20Master%20Cleanse%20-%20Sol-Warrior.png,g,,,archived
master-cleanse-soul-strings---the-key-essential-oil-blend,Master Cleanse - Soul Strings - The Key - Essential Oil Blend ,"When two or more embrace as: The Other, The One, our Soul Strings open and The Key Turns. A Soul String Connection can occur with a plant, tree, pet, acquaintance, family member, or Lover. Soul Strings run the length of the Body, most times they are white, other times different colours. Each Body has a different configuration, like finger prints. When two Beings line up and sync their strings together there is an experience of an escape from the Physical and the generous melding of the souls. The Key Turns. We are Open, Free, One.",Wild Woman Medicine Show,product,"Line: Master Cleanse, Blend: Soul Strings - The Key, Product: Essential Oil Blend",true,Size,15ml,,,,,Master Cleanse - Soul Strings - The Key - Essential Oil Blend - 15ml,15,,0,deny,manual,40,,true,true,,https://raw.githubusercontent.com/Wild-Woman-Medicine-Show/WWMS/main/Product%20Images/WWMS%20-%20Essential%20Oil%20Blend%20-%2015ml%20-%20Master%20Cleanse%20-%20Soul%20Strings%20-%20The%20Key.png,1,Master Cleanse - Soul Strings - The Key - Essential Oil Blend ,false,,,,,,,,,,,,,,,,https://raw.githubusercontent.com/Wild-Woman-Medicine-Show/WWMS/main/Product%20Images/WWMS%20-%20Essential%20Oil%20Blend%20-%2015ml%20-%20Master%20Cleanse%20-%20Soul%20Strings%20-%20The%20Key.png,g,,,active
master-cleanse-spirit/soul-retrieval-essential-oil-blend,Master Cleanse - Spirit/Soul Retrieval - Essential Oil Blend ,"A practice healing trauma. Return to source. Forgive self. Ensure that your Physical Vessel is a safe Haven for your Spirit/Soul. Do the work. Let your self medication, when triggered, be choosing a New Focus/Direction.",Wild Woman Medicine Show,product,"Line: Master Cleanse, Blend: Spirit/Soul Retrieval, Product: Essential Oil Blend",true,Size,15ml,,,,,Master Cleanse - Spirit/Soul Retrieval - Essential Oil Blend - 15ml,15,,0,deny,manual,85,,true,true,,https://raw.githubusercontent.com/Wild-Woman-Medicine-Show/WWMS/main/Product%20Images/WWMS%20-%20Essential%20Oil%20Blend%20-%2015ml%20-%20Master%20Cleanse%20-%20Spirit%20Soul%20Retrieval.png,1,Master Cleanse - Spirit/Soul Retrieval - Essential Oil Blend ,false,,,,,,,,,,,,,,,,https://raw.githubusercontent.com/Wild-Woman-Medicine-Show/WWMS/main/Product%20Images/WWMS%20-%20Essential%20Oil%20Blend%20-%2015ml%20-%20Master%20Cleanse%20-%20Spirit%20Soul%20Retrieval.png,g,,,active
master-cleanse-surrender-essential-oil-blend,Master Cleanse - Surrender - Essential Oil Blend ,"A Season for Everything. You are exactly where you need to be, doing exactly what you need to do, otherwise, you'd be Somewhere Else doing Something Else. Surrender and Shift Happens. The concept of Spiritual Surrender equals releasing our learning around how Struggle has Value.�""If I am Struggling my Life has Value."" �Releasing Struggle looks like Rolling back and lowering the shoulders from the ears. Release attachment to Drama, let go of connection to life being HARD. It gets simpler and easier.",Wild Woman Medicine Show,product,"Line: Master Cleanse, Blend: Surrender, Product: Essential Oil Blend",true,Size,15ml,,,,,Master Cleanse - Surrender - Essential Oil Blend - 15ml,15,,0,deny,manual,28,,true,true,,https://raw.githubusercontent.com/Wild-Woman-Medicine-Show/WWMS/main/Product%20Images/WWMS%20-%20Essential%20Oil%20Blend%20-%2015ml%20-%20Master%20Cleanse%20-%20Surrender.png,1,Master Cleanse - Surrender - Essential Oil Blend ,false,,,,,,,,,,,,,,,,https://raw.githubusercontent.com/Wild-Woman-Medicine-Show/WWMS/main/Product%20Images/WWMS%20-%20Essential%20Oil%20Blend%20-%2015ml%20-%20Master%20Cleanse%20-%20Surrender.png,g,,,active
master-cleanse-the-lovers-essential-oil-blend,Master Cleanse - The Lovers - Essential Oil Blend ,"We find human evolution in the care and communication within our Lover relationships. Spirit is lifted as we love ourselves easily and completely. The Love we show ourselves is equal to the Love we show the Other. Coming together as one raises our vibration, heals and restructures the DNA, moving us toward our True expression in this world.",Wild Woman Medicine Show,product,"Line: Master Cleanse, Blend: The Lovers, Product: Essential Oil Blend",true,Size,15ml,,,,,Master Cleanse - The Lovers - Essential Oil Blend - 15ml,15,,0,deny,manual,,,true,true,,https://raw.githubusercontent.com/Wild-Woman-Medicine-Show/WWMS/main/Product%20Images/WWMS%20-%20Essential%20Oil%20Blend%20-%2015ml%20-%20Master%20Cleanse%20-%20The%20Lovers.png,1,Master Cleanse - The Lovers - Essential Oil Blend ,false,,,,,,,,,,,,,,,,https://raw.githubusercontent.com/Wild-Woman-Medicine-Show/WWMS/main/Product%20Images/WWMS%20-%20Essential%20Oil%20Blend%20-%2015ml%20-%20Master%20Cleanse%20-%20The%20Lovers.png,g,,,archived
master-cleanse-traveller---shaman-3.0-essential-oil-blend,Master Cleanse - Traveller - Shaman 3.0 - Essential Oil Blend ,"Release Control. Trust the Process. A Mad Skill we are Remembering is Astral Travel. The ability to transmute daily Life Energy into Interdimensional/Time/Space Travel. As the World's Energy Shifts, this Skill returns. As more Practice, the easier it is for All. The Hundredth Monkey System. We remove barriers of Belief and Attachment to Structure.",Wild Woman Medicine Show,product,"Line: Master Cleanse, Blend: Traveller - Shaman 3.0, Product: Essential Oil Blend",true,Size,15ml,,,,,Master Cleanse - Traveller - Shaman 3.0 - Essential Oil Blend - 15ml,15,,0,deny,manual,40,,true,true,,https://raw.githubusercontent.com/Wild-Woman-Medicine-Show/WWMS/main/Product%20Images/WWMS%20-%20Essential%20Oil%20Blend%20-%2015ml%20-%20Master%20Cleanse%20-%20Traveller%20-%20Shaman%203.0.png,1,Master Cleanse - Traveller - Shaman 3.0 - Essential Oil Blend ,false,,,,,,,,,,,,,,,,https://raw.githubusercontent.com/Wild-Woman-Medicine-Show/WWMS/main/Product%20Images/WWMS%20-%20Essential%20Oil%20Blend%20-%2015ml%20-%20Master%20Cleanse%20-%20Traveller%20-%20Shaman%203.0.png,g,,,active
traditional-bad-kitty-essential-oil-blend,Traditional - Bad Kitty - Essential Oil Blend ,The bath your mother. warned you about.,Wild Woman Medicine Show,product,"Line: Traditional, Blend: Bad Kitty, Product: Essential Oil Blend",true,Size,15ml,,,,,Traditional - Bad Kitty - Essential Oil Blend - 15ml,15,,0,deny,manual,25,,true,true,,https://raw.githubusercontent.com/Wild-Woman-Medicine-Show/WWMS/main/Product%20Images/WWMS%20-%20Essential%20Oil%20Blend%20-%2015ml%20-%20Traditional%20-%20Bad%20Kitty.png,1,Traditional - Bad Kitty - Essential Oil Blend ,false,,,,,,,,,,,,,,,,https://raw.githubusercontent.com/Wild-Woman-Medicine-Show/WWMS/main/Product%20Images/WWMS%20-%20Essential%20Oil%20Blend%20-%2015ml%20-%20Traditional%20-%20Bad%20Kitty.png,g,,,active
traditional-bliss-essential-oil-blend,Traditional - Bliss - Essential Oil Blend ,Napping in the sun. ,Wild Woman Medicine Show,product,"Line: Traditional, Blend: Bliss, Product: Essential Oil Blend",true,Size,15ml,,,,,Traditional - Bliss - Essential Oil Blend - 15ml,15,,0,deny,manual,40,,true,true,,https://raw.githubusercontent.com/Wild-Woman-Medicine-Show/WWMS/main/Product%20Images/WWMS%20-%20Essential%20Oil%20Blend%20-%2015ml%20-%20Traditional%20-%20Bliss.png,1,Traditional - Bliss - Essential Oil Blend ,false,,,,,,,,,,,,,,,,https://raw.githubusercontent.com/Wild-Woman-Medicine-Show/WWMS/main/Product%20Images/WWMS%20-%20Essential%20Oil%20Blend%20-%2015ml%20-%20Traditional%20-%20Bliss.png,g,,,active
traditional-detox-essential-oil-blend,Traditional - Detox - Essential Oil Blend ,Be prepared to sleep. ,Wild Woman Medicine Show,product,"Line: Traditional, Blend: Detox, Product: Essential Oil Blend",true,Size,15ml,,,,,Traditional - Detox - Essential Oil Blend - 15ml,15,,0,deny,manual,30,,true,true,,https://raw.githubusercontent.com/Wild-Woman-Medicine-Show/WWMS/main/Product%20Images/WWMS%20-%20Essential%20Oil%20Blend%20-%2015ml%20-%20Traditional%20-%20Detox.png,1,Traditional - Detox - Essential Oil Blend ,false,,,,,,,,,,,,,,,,https://raw.githubusercontent.com/Wild-Woman-Medicine-Show/WWMS/main/Product%20Images/WWMS%20-%20Essential%20Oil%20Blend%20-%2015ml%20-%20Traditional%20-%20Detox.png,g,,,active
traditional-dragon's-blood-essential-oil-blend,Traditional - Dragon's Blood - Essential Oil Blend ,Focus and direction. ,Wild Woman Medicine Show,product,"Line: Traditional, Blend: Dragon's Blood, Product: Essential Oil Blend",true,Size,15ml,,,,,Traditional - Dragon's Blood - Essential Oil Blend - 15ml,15,,0,deny,manual,,,true,true,,https://raw.githubusercontent.com/Wild-Woman-Medicine-Show/WWMS/main/Product%20Images/WWMS%20-%20Essential%20Oil%20Blend%20-%2015ml%20-%20Traditional%20-%20Dragon's%20Blood.png,1,Traditional - Dragon's Blood - Essential Oil Blend ,false,,,,,,,,,,,,,,,,https://raw.githubusercontent.com/Wild-Woman-Medicine-Show/WWMS/main/Product%20Images/WWMS%20-%20Essential%20Oil%20Blend%20-%2015ml%20-%20Traditional%20-%20Dragon's%20Blood.png,g,,,archived
traditional-dreamtime-essential-oil-blend,Traditional - Dreamtime - Essential Oil Blend ,Find messages in your dreams. ,Wild Woman Medicine Show,product,"Line: Traditional, Blend: Dreamtime, Product: Essential Oil Blend",true,Size,15ml,,,,,Traditional - Dreamtime - Essential Oil Blend - 15ml,15,,0,deny,manual,40,,true,true,,https://raw.githubusercontent.com/Wild-Woman-Medicine-Show/WWMS/main/Product%20Images/WWMS%20-%20Essential%20Oil%20Blend%20-%2015ml%20-%20Traditional%20-%20Dreamtime.png,1,Traditional - Dreamtime - Essential Oil Blend ,false,,,,,,,,,,,,,,,,https://raw.githubusercontent.com/Wild-Woman-Medicine-Show/WWMS/main/Product%20Images/WWMS%20-%20Essential%20Oil%20Blend%20-%2015ml%20-%20Traditional%20-%20Dreamtime.png,g,,,active
traditional-earth-essential-oil-blend,Traditional - Earth - Essential Oil Blend ,Relief of pain and snoring. ,Wild Woman Medicine Show,product,"Line: Traditional, Blend: Earth, Product: Essential Oil Blend",true,Size,15ml,,,,,Traditional - Earth - Essential Oil Blend - 15ml,15,,0,deny,manual,,,true,true,,https://raw.githubusercontent.com/Wild-Woman-Medicine-Show/WWMS/main/Product%20Images/WWMS%20-%20Essential%20Oil%20Blend%20-%2015ml%20-%20Traditional%20-%20Earth.png,1,Traditional - Earth - Essential Oil Blend ,false,,,,,,,,,,,,,,,,https://raw.githubusercontent.com/Wild-Woman-Medicine-Show/WWMS/main/Product%20Images/WWMS%20-%20Essential%20Oil%20Blend%20-%2015ml%20-%20Traditional%20-%20Earth.png,g,,,archived
traditional-freedom-essential-oil-blend,Traditional - Freedom - Essential Oil Blend ,Be prepared to sleep. ,Wild Woman Medicine Show,product,"Line: Traditional, Blend: Freedom, Product: Essential Oil Blend",true,Size,15ml,,,,,Traditional - Freedom - Essential Oil Blend - 15ml,15,,0,deny,manual,,,true,true,,https://raw.githubusercontent.com/Wild-Woman-Medicine-Show/WWMS/main/Product%20Images/WWMS%20-%20Essential%20Oil%20Blend%20-%2015ml%20-%20Traditional%20-%20Freedom.png,1,Traditional - Freedom - Essential Oil Blend ,false,,,,,,,,,,,,,,,,https://raw.githubusercontent.com/Wild-Woman-Medicine-Show/WWMS/main/Product%20Images/WWMS%20-%20Essential%20Oil%20Blend%20-%2015ml%20-%20Traditional%20-%20Freedom.png,g,,,archived
traditional-intuition-essential-oil-blend,Traditional - Intuition - Essential Oil Blend ,Improves with practice. ,Wild Woman Medicine Show,product,"Line: Traditional, Blend: Intuition, Product: Essential Oil Blend",true,Size,15ml,,,,,Traditional - Intuition - Essential Oil Blend - 15ml,15,,0,deny,manual,,,true,true,,https://raw.githubusercontent.com/Wild-Woman-Medicine-Show/WWMS/main/Product%20Images/WWMS%20-%20Essential%20Oil%20Blend%20-%2015ml%20-%20Traditional%20-%20Intuition.png,1,Traditional - Intuition - Essential Oil Blend ,false,,,,,,,,,,,,,,,,https://raw.githubusercontent.com/Wild-Woman-Medicine-Show/WWMS/main/Product%20Images/WWMS%20-%20Essential%20Oil%20Blend%20-%2015ml%20-%20Traditional%20-%20Intuition.png,g,,,archived
traditional-keep-calm-essential-oil-blend,Traditional - Keep Calm - Essential Oil Blend ,And Transmute. ,Wild Woman Medicine Show,product,"Line: Traditional, Blend: Keep Calm, Product: Essential Oil Blend",true,Size,15ml,,,,,Traditional - Keep Calm - Essential Oil Blend - 15ml,15,,0,deny,manual,,,true,true,,https://raw.githubusercontent.com/Wild-Woman-Medicine-Show/WWMS/main/Product%20Images/WWMS%20-%20Essential%20Oil%20Blend%20-%2015ml%20-%20Traditional%20-%20Keep%20Calm.png,1,Traditional - Keep Calm - Essential Oil Blend ,false,,,,,,,,,,,,,,,,https://raw.githubusercontent.com/Wild-Woman-Medicine-Show/WWMS/main/Product%20Images/WWMS%20-%20Essential%20Oil%20Blend%20-%2015ml%20-%20Traditional%20-%20Keep%20Calm.png,g,,,archived
traditional-lavender-essential-oil-blend,Traditional - Lavender - Essential Oil Blend ,"Calming, soothing, and relaxing. ",Wild Woman Medicine Show,product,"Line: Traditional, Blend: Lavender, Product: Essential Oil Blend",true,Size,15ml,,,,,Traditional - Lavender - Essential Oil Blend - 15ml,15,,0,deny,manual,,,true,true,,https://raw.githubusercontent.com/Wild-Woman-Medicine-Show/WWMS/main/Product%20Images/WWMS%20-%20Essential%20Oil%20Blend%20-%2015ml%20-%20Traditional%20-%20Lavender.png,1,Traditional - Lavender - Essential Oil Blend ,false,,,,,,,,,,,,,,,,https://raw.githubusercontent.com/Wild-Woman-Medicine-Show/WWMS/main/Product%20Images/WWMS%20-%20Essential%20Oil%20Blend%20-%2015ml%20-%20Traditional%20-%20Lavender.png,g,,,archived
traditional-lime-essential-oil-blend,Traditional - Lime - Essential Oil Blend ,Be prepared to clean the tub!. Lime removes dead skin.,Wild Woman Medicine Show,product,"Line: Traditional, Blend: Lime, Product: Essential Oil Blend",true,Size,15ml,,,,,Traditional - Lime - Essential Oil Blend - 15ml,15,,0,deny,manual,,,true,true,,https://raw.githubusercontent.com/Wild-Woman-Medicine-Show/WWMS/main/Product%20Images/WWMS%20-%20Essential%20Oil%20Blend%20-%2015ml%20-%20Traditional%20-%20Lime.png,1,Traditional - Lime - Essential Oil Blend ,false,,,,,,,,,,,,,,,,https://raw.githubusercontent.com/Wild-Woman-Medicine-Show/WWMS/main/Product%20Images/WWMS%20-%20Essential%20Oil%20Blend%20-%2015ml%20-%20Traditional%20-%20Lime.png,g,,,archived
traditional-master-zing-essential-oil-blend,Traditional - Master Zing - Essential Oil Blend ,Be prepared to dance. ,Wild Woman Medicine Show,product,"Line: Traditional, Blend: Master Zing, Product: Essential Oil Blend",true,Size,15ml,,,,,Traditional - Master Zing - Essential Oil Blend - 15ml,15,,0,deny,manual,,,true,true,,https://raw.githubusercontent.com/Wild-Woman-Medicine-Show/WWMS/main/Product%20Images/WWMS%20-%20Essential%20Oil%20Blend%20-%2015ml%20-%20Traditional%20-%20Master%20Zing.png,1,Traditional - Master Zing - Essential Oil Blend ,false,,,,,,,,,,,,,,,,https://raw.githubusercontent.com/Wild-Woman-Medicine-Show/WWMS/main/Product%20Images/WWMS%20-%20Essential%20Oil%20Blend%20-%2015ml%20-%20Traditional%20-%20Master%20Zing.png,g,,,archived
traditional-melissa-essential-oil-blend,Traditional - Melissa - Essential Oil Blend ,Valium in the bath. ,Wild Woman Medicine Show,product,"Line: Traditional, Blend: Melissa, Product: Essential Oil Blend",true,Size,15ml,,,,,Traditional - Melissa - Essential Oil Blend - 15ml,15,,0,deny,manual,,,true,true,,https://raw.githubusercontent.com/Wild-Woman-Medicine-Show/WWMS/main/Product%20Images/WWMS%20-%20Essential%20Oil%20Blend%20-%2015ml%20-%20Traditional%20-%20Melissa.png,1,Traditional - Melissa - Essential Oil Blend ,false,,,,,,,,,,,,,,,,https://raw.githubusercontent.com/Wild-Woman-Medicine-Show/WWMS/main/Product%20Images/WWMS%20-%20Essential%20Oil%20Blend%20-%2015ml%20-%20Traditional%20-%20Melissa.png,g,,,archived
traditional-mint-essential-oil-blend,Traditional - Mint - Essential Oil Blend ,Refreshing. ,Wild Woman Medicine Show,product,"Line: Traditional, Blend: Mint, Product: Essential Oil Blend",true,Size,15ml,,,,,Traditional - Mint - Essential Oil Blend - 15ml,15,,0,deny,manual,,,true,true,,https://raw.githubusercontent.com/Wild-Woman-Medicine-Show/WWMS/main/Product%20Images/WWMS%20-%20Essential%20Oil%20Blend%20-%2015ml%20-%20Traditional%20-%20Mint.png,1,Traditional - Mint - Essential Oil Blend ,false,,,,,,,,,,,,,,,,https://raw.githubusercontent.com/Wild-Woman-Medicine-Show/WWMS/main/Product%20Images/WWMS%20-%20Essential%20Oil%20Blend%20-%2015ml%20-%20Traditional%20-%20Mint.png,g,,,archived
traditional-nag-champa-essential-oil-blend,Traditional - Nag Champa - Essential Oil Blend ,"Love, light, and peace. ",Wild Woman Medicine Show,product,"Line: Traditional, Blend: Nag Champa, Product: Essential Oil Blend",true,Size,15ml,,,,,Traditional - Nag Champa - Essential Oil Blend - 15ml,15,,0,deny,manual,,,true,true,,https://raw.githubusercontent.com/Wild-Woman-Medicine-Show/WWMS/main/Product%20Images/WWMS%20-%20Essential%20Oil%20Blend%20-%2015ml%20-%20Traditional%20-%20Nag%20Champa.png,1,Traditional - Nag Champa - Essential Oil Blend ,false,,,,,,,,,,,,,,,,https://raw.githubusercontent.com/Wild-Woman-Medicine-Show/WWMS/main/Product%20Images/WWMS%20-%20Essential%20Oil%20Blend%20-%2015ml%20-%20Traditional%20-%20Nag%20Champa.png,g,,,archived
traditional-namaste-essential-oil-blend,Traditional - Namaste - Essential Oil Blend ,We greet the best in each other. ,Wild Woman Medicine Show,product,"Line: Traditional, Blend: Namaste, Product: Essential Oil Blend",true,Size,15ml,,,,,Traditional - Namaste - Essential Oil Blend - 15ml,15,,0,deny,manual,,,true,true,,https://raw.githubusercontent.com/Wild-Woman-Medicine-Show/WWMS/main/Product%20Images/WWMS%20-%20Essential%20Oil%20Blend%20-%2015ml%20-%20Traditional%20-%20Namaste.png,1,Traditional - Namaste - Essential Oil Blend ,false,,,,,,,,,,,,,,,,https://raw.githubusercontent.com/Wild-Woman-Medicine-Show/WWMS/main/Product%20Images/WWMS%20-%20Essential%20Oil%20Blend%20-%2015ml%20-%20Traditional%20-%20Namaste.png,g,,,archived
traditional-patience-essential-oil-blend,Traditional - Patience - Essential Oil Blend ,Everything that is meant to be will be. ,Wild Woman Medicine Show,product,"Line: Traditional, Blend: Patience, Product: Essential Oil Blend",true,Size,15ml,,,,,Traditional - Patience - Essential Oil Blend - 15ml,15,,0,deny,manual,,,true,true,,https://raw.githubusercontent.com/Wild-Woman-Medicine-Show/WWMS/main/Product%20Images/WWMS%20-%20Essential%20Oil%20Blend%20-%2015ml%20-%20Traditional%20-%20Patience.png,1,Traditional - Patience - Essential Oil Blend ,false,,,,,,,,,,,,,,,,https://raw.githubusercontent.com/Wild-Woman-Medicine-Show/WWMS/main/Product%20Images/WWMS%20-%20Essential%20Oil%20Blend%20-%2015ml%20-%20Traditional%20-%20Patience.png,g,,,archived
traditional-relax-essential-oil-blend,Traditional - Relax - Essential Oil Blend ,Be prepared to sleep. ,Wild Woman Medicine Show,product,"Line: Traditional, Blend: Relax, Product: Essential Oil Blend",true,Size,15ml,,,,,Traditional - Relax - Essential Oil Blend - 15ml,15,,0,deny,manual,,,true,true,,https://raw.githubusercontent.com/Wild-Woman-Medicine-Show/WWMS/main/Product%20Images/WWMS%20-%20Essential%20Oil%20Blend%20-%2015ml%20-%20Traditional%20-%20Relax.png,1,Traditional - Relax - Essential Oil Blend ,false,,,,,,,,,,,,,,,,https://raw.githubusercontent.com/Wild-Woman-Medicine-Show/WWMS/main/Product%20Images/WWMS%20-%20Essential%20Oil%20Blend%20-%2015ml%20-%20Traditional%20-%20Relax.png,g,,,archived
traditional-rose-essential-oil-blend,Traditional - Rose - Essential Oil Blend ,Balancing the core. ,Wild Woman Medicine Show,product,"Line: Traditional, Blend: Rose, Product: Essential Oil Blend",true,Size,15ml,,,,,Traditional - Rose - Essential Oil Blend - 15ml,15,,0,deny,manual,,,true,true,,https://raw.githubusercontent.com/Wild-Woman-Medicine-Show/WWMS/main/Product%20Images/WWMS%20-%20Essential%20Oil%20Blend%20-%2015ml%20-%20Traditional%20-%20Rose.png,1,Traditional - Rose - Essential Oil Blend ,false,,,,,,,,,,,,,,,,https://raw.githubusercontent.com/Wild-Woman-Medicine-Show/WWMS/main/Product%20Images/WWMS%20-%20Essential%20Oil%20Blend%20-%2015ml%20-%20Traditional%20-%20Rose.png,g,,,archived
traditional-sage-essential-oil-blend,Traditional - Sage - Essential Oil Blend ,Sage is crafted to clear your energy. See deeply and serenely into the Universe.,Wild Woman Medicine Show,product,"Line: Traditional, Blend: Sage, Product: Essential Oil Blend",true,Size,15ml,,,,,Traditional - Sage - Essential Oil Blend - 15ml,15,,0,deny,manual,40,,true,true,,https://raw.githubusercontent.com/Wild-Woman-Medicine-Show/WWMS/main/Product%20Images/WWMS%20-%20Essential%20Oil%20Blend%20-%2015ml%20-%20Traditional%20-%20Sage.png,1,Traditional - Sage - Essential Oil Blend ,false,,,,,,,,,,,,,,,,https://raw.githubusercontent.com/Wild-Woman-Medicine-Show/WWMS/main/Product%20Images/WWMS%20-%20Essential%20Oil%20Blend%20-%2015ml%20-%20Traditional%20-%20Sage.png,g,,,active
traditional-shine-essential-oil-blend,Traditional - Shine - Essential Oil Blend ,Be your own shine. ,Wild Woman Medicine Show,product,"Line: Traditional, Blend: Shine, Product: Essential Oil Blend",true,Size,15ml,,,,,Traditional - Shine - Essential Oil Blend - 15ml,15,,0,deny,manual,85,,true,true,,https://raw.githubusercontent.com/Wild-Woman-Medicine-Show/WWMS/main/Product%20Images/WWMS%20-%20Essential%20Oil%20Blend%20-%2015ml%20-%20Traditional%20-%20Shine.png,1,Traditional - Shine - Essential Oil Blend ,false,,,,,,,,,,,,,,,,https://raw.githubusercontent.com/Wild-Woman-Medicine-Show/WWMS/main/Product%20Images/WWMS%20-%20Essential%20Oil%20Blend%20-%2015ml%20-%20Traditional%20-%20Shine.png,g,,,active
traditional-sweetgrass-essential-oil-blend,Traditional - Sweetgrass - Essential Oil Blend ,Bring in all the new clear energy. ,Wild Woman Medicine Show,product,"Line: Traditional, Blend: Sweetgrass, Product: Essential Oil Blend",true,Size,15ml,,,,,Traditional - Sweetgrass - Essential Oil Blend - 15ml,15,,0,deny,manual,,,true,true,,https://raw.githubusercontent.com/Wild-Woman-Medicine-Show/WWMS/main/Product%20Images/WWMS%20-%20Essential%20Oil%20Blend%20-%2015ml%20-%20Traditional%20-%20Sweetgrass.png,1,Traditional - Sweetgrass - Essential Oil Blend ,false,,,,,,,,,,,,,,,,https://raw.githubusercontent.com/Wild-Woman-Medicine-Show/WWMS/main/Product%20Images/WWMS%20-%20Essential%20Oil%20Blend%20-%2015ml%20-%20Traditional%20-%20Sweetgrass.png,g,,,archived
traditional-tantra-essential-oil-blend,Traditional - Tantra - Essential Oil Blend ,,Wild Woman Medicine Show,product,"Line: Traditional, Blend: Tantra, Product: Essential Oil Blend",true,Size,15ml,,,,,Traditional - Tantra - Essential Oil Blend - 15ml,15,,0,deny,manual,15,,true,true,,https://raw.githubusercontent.com/Wild-Woman-Medicine-Show/WWMS/main/Product%20Images/WWMS%20-%20Essential%20Oil%20Blend%20-%2015ml%20-%20Traditional%20-%20Tantra.png,1,Traditional - Tantra - Essential Oil Blend ,false,,,,,,,,,,,,,,,,https://raw.githubusercontent.com/Wild-Woman-Medicine-Show/WWMS/main/Product%20Images/WWMS%20-%20Essential%20Oil%20Blend%20-%2015ml%20-%20Traditional%20-%20Tantra.png,g,,,active
traditional-thieves-essential-oil-blend,Traditional - Thieves - Essential Oil Blend ,,Wild Woman Medicine Show,product,"Line: Traditional, Blend: Thieves, Product: Essential Oil Blend",true,Size,15ml,,,,,Traditional - Thieves - Essential Oil Blend - 15ml,15,,0,deny,manual,,,true,true,,https://raw.githubusercontent.com/Wild-Woman-Medicine-Show/WWMS/main/Product%20Images/WWMS%20-%20Essential%20Oil%20Blend%20-%2015ml%20-%20Traditional%20-%20Thieves.png,1,Traditional - Thieves - Essential Oil Blend ,false,,,,,,,,,,,,,,,,https://raw.githubusercontent.com/Wild-Woman-Medicine-Show/WWMS/main/Product%20Images/WWMS%20-%20Essential%20Oil%20Blend%20-%2015ml%20-%20Traditional%20-%20Thieves.png,g,,,archived
traditional-transform-essential-oil-blend,Traditional - Transform - Essential Oil Blend ,Sweet and easy evolution. ,Wild Woman Medicine Show,product,"Line: Traditional, Blend: Transform, Product: Essential Oil Blend",true,Size,15ml,,,,,Traditional - Transform - Essential Oil Blend - 15ml,15,,0,deny,manual,,,true,true,,https://raw.githubusercontent.com/Wild-Woman-Medicine-Show/WWMS/main/Product%20Images/WWMS%20-%20Essential%20Oil%20Blend%20-%2015ml%20-%20Traditional%20-%20Transform.png,1,Traditional - Transform - Essential Oil Blend ,false,,,,,,,,,,,,,,,,https://raw.githubusercontent.com/Wild-Woman-Medicine-Show/WWMS/main/Product%20Images/WWMS%20-%20Essential%20Oil%20Blend%20-%2015ml%20-%20Traditional%20-%20Transform.png,g,,,archived
traditional-violet-essential-oil-blend,Traditional - Violet - Essential Oil Blend ,Ease of communication. ,Wild Woman Medicine Show,product,"Line: Traditional, Blend: Violet, Product: Essential Oil Blend",true,Size,15ml,,,,,Traditional - Violet - Essential Oil Blend - 15ml,15,,0,deny,manual,,,true,true,,https://raw.githubusercontent.com/Wild-Woman-Medicine-Show/WWMS/main/Product%20Images/WWMS%20-%20Essential%20Oil%20Blend%20-%2015ml%20-%20Traditional%20-%20Violet.png,1,Traditional - Violet - Essential Oil Blend ,false,,,,,,,,,,,,,,,,https://raw.githubusercontent.com/Wild-Woman-Medicine-Show/WWMS/main/Product%20Images/WWMS%20-%20Essential%20Oil%20Blend%20-%2015ml%20-%20Traditional%20-%20Violet.png,g,,,archived
traditional-wild-love-essential-oil-blend,Traditional - Wild Love - Essential Oil Blend ,Accept the wild nature. ,Wild Woman Medicine Show,product,"Line: Traditional, Blend: Wild Love, Product: Essential Oil Blend",true,Size,15ml,,,,,Traditional - Wild Love - Essential Oil Blend - 15ml,15,,0,deny,manual,,,true,true,,https://raw.githubusercontent.com/Wild-Woman-Medicine-Show/WWMS/main/Product%20Images/WWMS%20-%20Essential%20Oil%20Blend%20-%2015ml%20-%20Traditional%20-%20Wild%20Love.png,1,Traditional - Wild Love - Essential Oil Blend ,false,,,,,,,,,,,,,,,,https://raw.githubusercontent.com/Wild-Woman-Medicine-Show/WWMS/main/Product%20Images/WWMS%20-%20Essential%20Oil%20Blend%20-%2015ml%20-%20Traditional%20-%20Wild%20Love.png,g,,,archived
vintage-all-the-orange-essential-oil-blend,Vintage - All The Orange - Essential Oil Blend ,,Wild Woman Medicine Show,product,"Line: Vintage, Blend: All The Orange, Product: Essential Oil Blend",true,Size,15ml,,,,,Vintage - All The Orange - Essential Oil Blend - 15ml,15,,0,deny,manual,,,true,true,,https://raw.githubusercontent.com/Wild-Woman-Medicine-Show/WWMS/main/Product%20Images/Coming_Soon.png,1,Vintage - All The Orange - Essential Oil Blend ,false,,,,,,,,,,,,,,,,https://raw.githubusercontent.com/Wild-Woman-Medicine-Show/WWMS/main/Product%20Images/Coming_Soon.png,g,,,archived
vintage-bergamot-essential-oil-blend,Vintage - Bergamot - Essential Oil Blend ,,Wild Woman Medicine Show,product,"Line: Vintage, Blend: Bergamot, Product: Essential Oil Blend",true,Size,15ml,,,,,Vintage - Bergamot - Essential Oil Blend - 15ml,15,,0,deny,manual,54,,true,true,,https://raw.githubusercontent.com/Wild-Woman-Medicine-Show/WWMS/main/Product%20Images/Coming_Soon.png,1,Vintage - Bergamot - Essential Oil Blend ,false,,,,,,,,,,,,,,,,https://raw.githubusercontent.com/Wild-Woman-Medicine-Show/WWMS/main/Product%20Images/Coming_Soon.png,g,,,active
vintage-cedar-essential-oil-blend,Vintage - Cedar - Essential Oil Blend ,,Wild Woman Medicine Show,product,"Line: Vintage, Blend: Cedar, Product: Essential Oil Blend",true,Size,15ml,,,,,Vintage - Cedar - Essential Oil Blend - 15ml,15,,0,deny,manual,18,,true,true,,https://raw.githubusercontent.com/Wild-Woman-Medicine-Show/WWMS/main/Product%20Images/Coming_Soon.png,1,Vintage - Cedar - Essential Oil Blend ,false,,,,,,,,,,,,,,,,https://raw.githubusercontent.com/Wild-Woman-Medicine-Show/WWMS/main/Product%20Images/Coming_Soon.png,g,,,active
vintage-coconut-essential-oil-blend,Vintage - Coconut - Essential Oil Blend ,,Wild Woman Medicine Show,product,"Line: Vintage, Blend: Coconut, Product: Essential Oil Blend",true,Size,15ml,,,,,Vintage - Coconut - Essential Oil Blend - 15ml,15,,0,deny,manual,,,true,true,,https://raw.githubusercontent.com/Wild-Woman-Medicine-Show/WWMS/main/Product%20Images/Coming_Soon.png,1,Vintage - Coconut - Essential Oil Blend ,false,,,,,,,,,,,,,,,,https://raw.githubusercontent.com/Wild-Woman-Medicine-Show/WWMS/main/Product%20Images/Coming_Soon.png,g,,,archived
vintage-coffee-essential-oil-blend,Vintage - Coffee - Essential Oil Blend ,,Wild Woman Medicine Show,product,"Line: Vintage, Blend: Coffee, Product: Essential Oil Blend",true,Size,15ml,,,,,Vintage - Coffee - Essential Oil Blend - 15ml,15,,0,deny,manual,18,,true,true,,https://raw.githubusercontent.com/Wild-Woman-Medicine-Show/WWMS/main/Product%20Images/Coming_Soon.png,1,Vintage - Coffee - Essential Oil Blend ,false,,,,,,,,,,,,,,,,https://raw.githubusercontent.com/Wild-Woman-Medicine-Show/WWMS/main/Product%20Images/Coming_Soon.png,g,,,active
vintage-elder-rose-essential-oil-blend,Vintage - Dragon's Blood - Essential Oil Blend ,,Wild Woman Medicine Show,product,"Line: Vintage, Blend: Dragon's Blood, Product: Essential Oil Blend",true,Size,15ml,,,,,Vintage - Dragon's Blood - Essential Oil Blend - 15ml,15,,0,deny,manual,22,,true,true,,https://raw.githubusercontent.com/Wild-Woman-Medicine-Show/WWMS/main/Product%20Images/Coming_Soon.png,1,Vintage - Dragon's Blood - Essential Oil Blend ,false,,,,,,,,,,,,,,,,https://raw.githubusercontent.com/Wild-Woman-Medicine-Show/WWMS/main/Product%20Images/Coming_Soon.png,g,,,active
vintage-eucalyptus-essential-oil-blend,Vintage - Elder Rose - Essential Oil Blend ,,Wild Woman Medicine Show,product,"Line: Vintage, Blend: Elder Rose, Product: Essential Oil Blend",true,Size,15ml,,,,,Vintage - Elder Rose - Essential Oil Blend - 15ml,15,,0,deny,manual,,,true,true,,https://raw.githubusercontent.com/Wild-Woman-Medicine-Show/WWMS/main/Product%20Images/Coming_Soon.png,1,Vintage - Elder Rose - Essential Oil Blend ,false,,,,,,,,,,,,,,,,https://raw.githubusercontent.com/Wild-Woman-Medicine-Show/WWMS/main/Product%20Images/Coming_Soon.png,g,,,archived
vintage-frankincense-essential-oil-blend,Vintage - Eucalyptus - Essential Oil Blend ,,Wild Woman Medicine Show,product,"Line: Vintage, Blend: Eucalyptus, Product: Essential Oil Blend",true,Size,15ml,,,,,Vintage - Eucalyptus - Essential Oil Blend - 15ml,15,,0,deny,manual,28,,true,true,,https://raw.githubusercontent.com/Wild-Woman-Medicine-Show/WWMS/main/Product%20Images/Coming_Soon.png,1,Vintage - Eucalyptus - Essential Oil Blend ,false,,,,,,,,,,,,,,,,https://raw.githubusercontent.com/Wild-Woman-Medicine-Show/WWMS/main/Product%20Images/Coming_Soon.png,g,,,active
vintage-frankincense-and-myrrh-essential-oil-blend,Vintage - Frankincense - Essential Oil Blend ,,Wild Woman Medicine Show,product,"Line: Vintage, Blend: Frankincense, Product: Essential Oil Blend",true,Size,15ml,,,,,Vintage - Frankincense - Essential Oil Blend - 15ml,15,,0,deny,manual,22,,true,true,,https://raw.githubusercontent.com/Wild-Woman-Medicine-Show/WWMS/main/Product%20Images/Coming_Soon.png,1,Vintage - Frankincense - Essential Oil Blend ,false,,,,,,,,,,,,,,,,https://raw.githubusercontent.com/Wild-Woman-Medicine-Show/WWMS/main/Product%20Images/Coming_Soon.png,g,,,active
vintage-gardenia-essential-oil-blend,Vintage - Frankincense and Myrrh - Essential Oil Blend ,,Wild Woman Medicine Show,product,"Line: Vintage, Blend: Frankincense and Myrrh, Product: Essential Oil Blend",true,Size,15ml,,,,,Vintage - Frankincense and Myrrh - Essential Oil Blend - 15ml,15,,0,deny,manual,58,,true,true,,https://raw.githubusercontent.com/Wild-Woman-Medicine-Show/WWMS/main/Product%20Images/Coming_Soon.png,1,Vintage - Frankincense and Myrrh - Essential Oil Blend ,false,,,,,,,,,,,,,,,,https://raw.githubusercontent.com/Wild-Woman-Medicine-Show/WWMS/main/Product%20Images/Coming_Soon.png,g,,,active
vintage-ginger-blossom-essential-oil-blend,Vintage - Gardenia - Essential Oil Blend ,,Wild Woman Medicine Show,product,"Line: Vintage, Blend: Gardenia, Product: Essential Oil Blend",true,Size,15ml,,,,,Vintage - Gardenia - Essential Oil Blend - 15ml,15,,0,deny,manual,18,,true,true,,https://raw.githubusercontent.com/Wild-Woman-Medicine-Show/WWMS/main/Product%20Images/Coming_Soon.png,1,Vintage - Gardenia - Essential Oil Blend ,false,,,,,,,,,,,,,,,,https://raw.githubusercontent.com/Wild-Woman-Medicine-Show/WWMS/main/Product%20Images/Coming_Soon.png,g,,,active
vintage-green-tea-essential-oil-blend,Vintage - Ginger blossom - Essential Oil Blend ,,Wild Woman Medicine Show,product,"Line: Vintage, Blend: Ginger blossom, Product: Essential Oil Blend",true,Size,15ml,,,,,Vintage - Ginger blossom - Essential Oil Blend - 15ml,15,,0,deny,manual,18,,true,true,,https://raw.githubusercontent.com/Wild-Woman-Medicine-Show/WWMS/main/Product%20Images/Coming_Soon.png,1,Vintage - Ginger blossom - Essential Oil Blend ,false,,,,,,,,,,,,,,,,https://raw.githubusercontent.com/Wild-Woman-Medicine-Show/WWMS/main/Product%20Images/Coming_Soon.png,g,,,active
vintage-hard-candy-essential-oil-blend,Vintage - Green Tea - Essential Oil Blend ,,Wild Woman Medicine Show,product,"Line: Vintage, Blend: Green Tea, Product: Essential Oil Blend",true,Size,15ml,,,,,Vintage - Green Tea - Essential Oil Blend - 15ml,15,,0,deny,manual,18,,true,true,,https://raw.githubusercontent.com/Wild-Woman-Medicine-Show/WWMS/main/Product%20Images/Coming_Soon.png,1,Vintage - Green Tea - Essential Oil Blend ,false,,,,,,,,,,,,,,,,https://raw.githubusercontent.com/Wild-Woman-Medicine-Show/WWMS/main/Product%20Images/Coming_Soon.png,g,,,active
vintage-honey-essential-oil-blend,Vintage - Hard Candy - Essential Oil Blend ,,Wild Woman Medicine Show,product,"Line: Vintage, Blend: Hard Candy, Product: Essential Oil Blend",true,Size,15ml,,,,,Vintage - Hard Candy - Essential Oil Blend - 15ml,15,,0,deny,manual,18,,true,true,,https://raw.githubusercontent.com/Wild-Woman-Medicine-Show/WWMS/main/Product%20Images/Coming_Soon.png,1,Vintage - Hard Candy - Essential Oil Blend ,false,,,,,,,,,,,,,,,,https://raw.githubusercontent.com/Wild-Woman-Medicine-Show/WWMS/main/Product%20Images/Coming_Soon.png,g,,,active
vintage-honeysuckle-essential-oil-blend,Vintage - Honey - Essential Oil Blend ,,Wild Woman Medicine Show,product,"Line: Vintage, Blend: Honey, Product: Essential Oil Blend",true,Size,15ml,,,,,Vintage - Honey - Essential Oil Blend - 15ml,15,,0,deny,manual,,,true,true,,https://raw.githubusercontent.com/Wild-Woman-Medicine-Show/WWMS/main/Product%20Images/Coming_Soon.png,1,Vintage - Honey - Essential Oil Blend ,false,,,,,,,,,,,,,,,,https://raw.githubusercontent.com/Wild-Woman-Medicine-Show/WWMS/main/Product%20Images/Coming_Soon.png,g,,,archived
vintage-huckleberry-essential-oil-blend,Vintage - Honeysuckle - Essential Oil Blend ,,Wild Woman Medicine Show,product,"Line: Vintage, Blend: Honeysuckle, Product: Essential Oil Blend",true,Size,15ml,,,,,Vintage - Honeysuckle - Essential Oil Blend - 15ml,15,,0,deny,manual,18,,true,true,,https://raw.githubusercontent.com/Wild-Woman-Medicine-Show/WWMS/main/Product%20Images/Coming_Soon.png,1,Vintage - Honeysuckle - Essential Oil Blend ,false,,,,,,,,,,,,,,,,https://raw.githubusercontent.com/Wild-Woman-Medicine-Show/WWMS/main/Product%20Images/Coming_Soon.png,g,,,active
vintage-island-summer-essential-oil-blend,Vintage - Huckleberry - Essential Oil Blend ,,Wild Woman Medicine Show,product,"Line: Vintage, Blend: Huckleberry, Product: Essential Oil Blend",true,Size,15ml,,,,,Vintage - Huckleberry - Essential Oil Blend - 15ml,15,,0,deny,manual,18,,true,true,,https://raw.githubusercontent.com/Wild-Woman-Medicine-Show/WWMS/main/Product%20Images/Coming_Soon.png,1,Vintage - Huckleberry - Essential Oil Blend ,false,,,,,,,,,,,,,,,,https://raw.githubusercontent.com/Wild-Woman-Medicine-Show/WWMS/main/Product%20Images/Coming_Soon.png,g,,,active
vintage-japanese-cherry-blossom-essential-oil-blend,Vintage - Island Summer - Essential Oil Blend ,,Wild Woman Medicine Show,product,"Line: Vintage, Blend: Island Summer, Product: Essential Oil Blend",true,Size,15ml,,,,,Vintage - Island Summer - Essential Oil Blend - 15ml,15,,0,deny,manual,18,,true,true,,https://raw.githubusercontent.com/Wild-Woman-Medicine-Show/WWMS/main/Product%20Images/Coming_Soon.png,1,Vintage - Island Summer - Essential Oil Blend ,false,,,,,,,,,,,,,,,,https://raw.githubusercontent.com/Wild-Woman-Medicine-Show/WWMS/main/Product%20Images/Coming_Soon.png,g,,,active
vintage-jasmine-essential-oil-blend,Vintage - Japanese Cherry Blossom - Essential Oil Blend ,,Wild Woman Medicine Show,product,"Line: Vintage, Blend: Japanese Cherry Blossom, Product: Essential Oil Blend",true,Size,15ml,,,,,Vintage - Japanese Cherry Blossom - Essential Oil Blend - 15ml,15,,0,deny,manual,18,,true,true,,https://raw.githubusercontent.com/Wild-Woman-Medicine-Show/WWMS/main/Product%20Images/Coming_Soon.png,1,Vintage - Japanese Cherry Blossom - Essential Oil Blend ,false,,,,,,,,,,,,,,,,https://raw.githubusercontent.com/Wild-Woman-Medicine-Show/WWMS/main/Product%20Images/Coming_Soon.png,g,,,active
vintage-lavender-essential-oil-blend,Vintage - Jasmine - Essential Oil Blend ,,Wild Woman Medicine Show,product,"Line: Vintage, Blend: Jasmine, Product: Essential Oil Blend",true,Size,15ml,,,,,Vintage - Jasmine - Essential Oil Blend - 15ml,15,,0,deny,manual,24,,true,true,,https://raw.githubusercontent.com/Wild-Woman-Medicine-Show/WWMS/main/Product%20Images/Coming_Soon.png,1,Vintage - Jasmine - Essential Oil Blend ,false,,,,,,,,,,,,,,,,https://raw.githubusercontent.com/Wild-Woman-Medicine-Show/WWMS/main/Product%20Images/Coming_Soon.png,g,,,active
vintage-lemon-essential-oil-blend,Vintage - Lavender - Essential Oil Blend ,,Wild Woman Medicine Show,product,"Line: Vintage, Blend: Lavender, Product: Essential Oil Blend",true,Size,15ml,,,,,Vintage - Lavender - Essential Oil Blend - 15ml,15,,0,deny,manual,19,,true,true,,https://raw.githubusercontent.com/Wild-Woman-Medicine-Show/WWMS/main/Product%20Images/Coming_Soon.png,1,Vintage - Lavender - Essential Oil Blend ,false,,,,,,,,,,,,,,,,https://raw.githubusercontent.com/Wild-Woman-Medicine-Show/WWMS/main/Product%20Images/Coming_Soon.png,g,,,active
vintage-lemon-blossom-essential-oil-blend,Vintage - Lemon - Essential Oil Blend ,,Wild Woman Medicine Show,product,"Line: Vintage, Blend: Lemon, Product: Essential Oil Blend",true,Size,15ml,,,,,Vintage - Lemon - Essential Oil Blend - 15ml,15,,0,deny,manual,28,,true,true,,https://raw.githubusercontent.com/Wild-Woman-Medicine-Show/WWMS/main/Product%20Images/Coming_Soon.png,1,Vintage - Lemon - Essential Oil Blend ,false,,,,,,,,,,,,,,,,https://raw.githubusercontent.com/Wild-Woman-Medicine-Show/WWMS/main/Product%20Images/Coming_Soon.png,g,,,active
vintage-lemongrass-essential-oil-blend,Vintage - Lemon Blossom - Essential Oil Blend ,,Wild Woman Medicine Show,product,"Line: Vintage, Blend: Lemon Blossom, Product: Essential Oil Blend",true,Size,15ml,,,,,Vintage - Lemon Blossom - Essential Oil Blend - 15ml,15,,0,deny,manual,,,true,true,,https://raw.githubusercontent.com/Wild-Woman-Medicine-Show/WWMS/main/Product%20Images/Coming_Soon.png,1,Vintage - Lemon Blossom - Essential Oil Blend ,false,,,,,,,,,,,,,,,,https://raw.githubusercontent.com/Wild-Woman-Medicine-Show/WWMS/main/Product%20Images/Coming_Soon.png,g,,,archived
vintage-lily-of-the-valley-essential-oil-blend,Vintage - Lemongrass - Essential Oil Blend ,,Wild Woman Medicine Show,product,"Line: Vintage, Blend: Lemongrass, Product: Essential Oil Blend",true,Size,15ml,,,,,Vintage - Lemongrass - Essential Oil Blend - 15ml,15,,0,deny,manual,20,,true,true,,https://raw.githubusercontent.com/Wild-Woman-Medicine-Show/WWMS/main/Product%20Images/Coming_Soon.png,1,Vintage - Lemongrass - Essential Oil Blend ,false,,,,,,,,,,,,,,,,https://raw.githubusercontent.com/Wild-Woman-Medicine-Show/WWMS/main/Product%20Images/Coming_Soon.png,g,,,active
vintage-lotus-essential-oil-blend,Vintage - Lily of the Valley - Essential Oil Blend ,,Wild Woman Medicine Show,product,"Line: Vintage, Blend: Lily of the Valley, Product: Essential Oil Blend",true,Size,15ml,,,,,Vintage - Lily of the Valley - Essential Oil Blend - 15ml,15,,0,deny,manual,,,true,true,,https://raw.githubusercontent.com/Wild-Woman-Medicine-Show/WWMS/main/Product%20Images/Coming_Soon.png,1,Vintage - Lily of the Valley - Essential Oil Blend ,false,,,,,,,,,,,,,,,,https://raw.githubusercontent.com/Wild-Woman-Medicine-Show/WWMS/main/Product%20Images/Coming_Soon.png,g,,,archived
vintage-magnolia-essential-oil-blend,Vintage - Lotus - Essential Oil Blend ,,Wild Woman Medicine Show,product,"Line: Vintage, Blend: Lotus, Product: Essential Oil Blend",true,Size,15ml,,,,,Vintage - Lotus - Essential Oil Blend - 15ml,15,,0,deny,manual,18,,true,true,,https://raw.githubusercontent.com/Wild-Woman-Medicine-Show/WWMS/main/Product%20Images/Coming_Soon.png,1,Vintage - Lotus - Essential Oil Blend ,false,,,,,,,,,,,,,,,,https://raw.githubusercontent.com/Wild-Woman-Medicine-Show/WWMS/main/Product%20Images/Coming_Soon.png,g,,,active
vintage-manchurian-dragon-essential-oil-blend,Vintage - Magnolia - Essential Oil Blend ,,Wild Woman Medicine Show,product,"Line: Vintage, Blend: Magnolia, Product: Essential Oil Blend",true,Size,15ml,,,,,Vintage - Magnolia - Essential Oil Blend - 15ml,15,,0,deny,manual,,,true,true,,https://raw.githubusercontent.com/Wild-Woman-Medicine-Show/WWMS/main/Product%20Images/Coming_Soon.png,1,Vintage - Magnolia - Essential Oil Blend ,false,,,,,,,,,,,,,,,,https://raw.githubusercontent.com/Wild-Woman-Medicine-Show/WWMS/main/Product%20Images/Coming_Soon.png,g,,,archived
vintage-marbella-essential-oil-blend,Vintage - Manchurian Dragon - Essential Oil Blend ,,Wild Woman Medicine Show,product,"Line: Vintage, Blend: Manchurian Dragon, Product: Essential Oil Blend",true,Size,15ml,,,,,Vintage - Manchurian Dragon - Essential Oil Blend - 15ml,15,,0,deny,manual,18,,true,true,,https://raw.githubusercontent.com/Wild-Woman-Medicine-Show/WWMS/main/Product%20Images/Coming_Soon.png,1,Vintage - Manchurian Dragon - Essential Oil Blend ,false,,,,,,,,,,,,,,,,https://raw.githubusercontent.com/Wild-Woman-Medicine-Show/WWMS/main/Product%20Images/Coming_Soon.png,g,,,active
vintage-moonlight-walk-essential-oil-blend,Vintage - Marbella - Essential Oil Blend ,,Wild Woman Medicine Show,product,"Line: Vintage, Blend: Marbella, Product: Essential Oil Blend",true,Size,15ml,,,,,Vintage - Marbella - Essential Oil Blend - 15ml,15,,0,deny,manual,18,,true,true,,https://raw.githubusercontent.com/Wild-Woman-Medicine-Show/WWMS/main/Product%20Images/Coming_Soon.png,1,Vintage - Marbella - Essential Oil Blend ,false,,,,,,,,,,,,,,,,https://raw.githubusercontent.com/Wild-Woman-Medicine-Show/WWMS/main/Product%20Images/Coming_Soon.png,g,,,active
vintage-moroccan-midnight-essential-oil-blend,Vintage - Moonlight Walk - Essential Oil Blend ,,Wild Woman Medicine Show,product,"Line: Vintage, Blend: Moonlight Walk, Product: Essential Oil Blend",true,Size,15ml,,,,,Vintage - Moonlight Walk - Essential Oil Blend - 15ml,15,,0,deny,manual,,,true,true,,https://raw.githubusercontent.com/Wild-Woman-Medicine-Show/WWMS/main/Product%20Images/Coming_Soon.png,1,Vintage - Moonlight Walk - Essential Oil Blend ,false,,,,,,,,,,,,,,,,https://raw.githubusercontent.com/Wild-Woman-Medicine-Show/WWMS/main/Product%20Images/Coming_Soon.png,g,,,archived
vintage-nag-champa-essential-oil-blend,Vintage - Moroccan Midnight - Essential Oil Blend ,,Wild Woman Medicine Show,product,"Line: Vintage, Blend: Moroccan Midnight, Product: Essential Oil Blend",true,Size,15ml,,,,,Vintage - Moroccan Midnight - Essential Oil Blend - 15ml,15,,0,deny,manual,18,,true,true,,https://raw.githubusercontent.com/Wild-Woman-Medicine-Show/WWMS/main/Product%20Images/Coming_Soon.png,1,Vintage - Moroccan Midnight - Essential Oil Blend ,false,,,,,,,,,,,,,,,,https://raw.githubusercontent.com/Wild-Woman-Medicine-Show/WWMS/main/Product%20Images/Coming_Soon.png,g,,,active
vintage-neroli-essential-oil-blend,Vintage - Nag Champa - Essential Oil Blend ,,Wild Woman Medicine Show,product,"Line: Vintage, Blend: Nag Champa, Product: Essential Oil Blend",true,Size,15ml,,,,,Vintage - Nag Champa - Essential Oil Blend - 15ml,15,,0,deny,manual,15,,true,true,,https://raw.githubusercontent.com/Wild-Woman-Medicine-Show/WWMS/main/Product%20Images/Coming_Soon.png,1,Vintage - Nag Champa - Essential Oil Blend ,false,,,,,,,,,,,,,,,,https://raw.githubusercontent.com/Wild-Woman-Medicine-Show/WWMS/main/Product%20Images/Coming_Soon.png,g,,,active
vintage-ocean-essential-oil-blend,Vintage - Neroli - Essential Oil Blend ,,Wild Woman Medicine Show,product,"Line: Vintage, Blend: Neroli, Product: Essential Oil Blend",true,Size,15ml,,,,,Vintage - Neroli - Essential Oil Blend - 15ml,15,,0,deny,manual,25,,true,true,,https://raw.githubusercontent.com/Wild-Woman-Medicine-Show/WWMS/main/Product%20Images/Coming_Soon.png,1,Vintage - Neroli - Essential Oil Blend ,false,,,,,,,,,,,,,,,,https://raw.githubusercontent.com/Wild-Woman-Medicine-Show/WWMS/main/Product%20Images/Coming_Soon.png,g,,,active
vintage-patchouli-essential-oil-blend,Vintage - Ocean - Essential Oil Blend ,,Wild Woman Medicine Show,product,"Line: Vintage, Blend: Ocean, Product: Essential Oil Blend",true,Size,15ml,,,,,Vintage - Ocean - Essential Oil Blend - 15ml,15,,0,deny,manual,18,,true,true,,https://raw.githubusercontent.com/Wild-Woman-Medicine-Show/WWMS/main/Product%20Images/Coming_Soon.png,1,Vintage - Ocean - Essential Oil Blend ,false,,,,,,,,,,,,,,,,https://raw.githubusercontent.com/Wild-Woman-Medicine-Show/WWMS/main/Product%20Images/Coming_Soon.png,g,,,active
vintage-peach-essential-oil-blend,Vintage - Patchouli - Essential Oil Blend ,,Wild Woman Medicine Show,product,"Line: Vintage, Blend: Patchouli, Product: Essential Oil Blend",true,Size,15ml,,,,,Vintage - Patchouli - Essential Oil Blend - 15ml,15,,0,deny,manual,38,,true,true,,https://raw.githubusercontent.com/Wild-Woman-Medicine-Show/WWMS/main/Product%20Images/Coming_Soon.png,1,Vintage - Patchouli - Essential Oil Blend ,false,,,,,,,,,,,,,,,,https://raw.githubusercontent.com/Wild-Woman-Medicine-Show/WWMS/main/Product%20Images/Coming_Soon.png,g,,,active
vintage-peppermint-essential-oil-blend,Vintage - Peach - Essential Oil Blend ,,Wild Woman Medicine Show,product,"Line: Vintage, Blend: Peach, Product: Essential Oil Blend",true,Size,15ml,,,,,Vintage - Peach - Essential Oil Blend - 15ml,15,,0,deny,manual,,,true,true,,https://raw.githubusercontent.com/Wild-Woman-Medicine-Show/WWMS/main/Product%20Images/Coming_Soon.png,1,Vintage - Peach - Essential Oil Blend ,false,,,,,,,,,,,,,,,,https://raw.githubusercontent.com/Wild-Woman-Medicine-Show/WWMS/main/Product%20Images/Coming_Soon.png,g,,,archived
vintage-plumeria-essential-oil-blend,Vintage - Peppermint - Essential Oil Blend ,,Wild Woman Medicine Show,product,"Line: Vintage, Blend: Peppermint, Product: Essential Oil Blend",true,Size,15ml,,,,,Vintage - Peppermint - Essential Oil Blend - 15ml,15,,0,deny,manual,18,,true,true,,https://raw.githubusercontent.com/Wild-Woman-Medicine-Show/WWMS/main/Product%20Images/Coming_Soon.png,1,Vintage - Peppermint - Essential Oil Blend ,false,,,,,,,,,,,,,,,,https://raw.githubusercontent.com/Wild-Woman-Medicine-Show/WWMS/main/Product%20Images/Coming_Soon.png,g,,,active
vintage-pomegranate-essential-oil-blend,Vintage - Plumeria - Essential Oil Blend ,,Wild Woman Medicine Show,product,"Line: Vintage, Blend: Plumeria, Product: Essential Oil Blend",true,Size,15ml,,,,,Vintage - Plumeria - Essential Oil Blend - 15ml,15,,0,deny,manual,,,true,true,,https://raw.githubusercontent.com/Wild-Woman-Medicine-Show/WWMS/main/Product%20Images/Coming_Soon.png,1,Vintage - Plumeria - Essential Oil Blend ,false,,,,,,,,,,,,,,,,https://raw.githubusercontent.com/Wild-Woman-Medicine-Show/WWMS/main/Product%20Images/Coming_Soon.png,g,,,archived
vintage-red-currant-and-thyme-essential-oil-blend,Vintage - Pomegranate - Essential Oil Blend ,,Wild Woman Medicine Show,product,"Line: Vintage, Blend: Pomegranate, Product: Essential Oil Blend",true,Size,15ml,,,,,Vintage - Pomegranate - Essential Oil Blend - 15ml,15,,0,deny,manual,,,true,true,,https://raw.githubusercontent.com/Wild-Woman-Medicine-Show/WWMS/main/Product%20Images/Coming_Soon.png,1,Vintage - Pomegranate - Essential Oil Blend ,false,,,,,,,,,,,,,,,,https://raw.githubusercontent.com/Wild-Woman-Medicine-Show/WWMS/main/Product%20Images/Coming_Soon.png,g,,,archived
vintage-rose-essential-oil-blend,Vintage - Red Currant and Thyme - Essential Oil Blend ,,Wild Woman Medicine Show,product,"Line: Vintage, Blend: Red Currant and Thyme, Product: Essential Oil Blend",true,Size,15ml,,,,,Vintage - Red Currant and Thyme - Essential Oil Blend - 15ml,15,,0,deny,manual,,,true,true,,https://raw.githubusercontent.com/Wild-Woman-Medicine-Show/WWMS/main/Product%20Images/Coming_Soon.png,1,Vintage - Red Currant and Thyme - Essential Oil Blend ,false,,,,,,,,,,,,,,,,https://raw.githubusercontent.com/Wild-Woman-Medicine-Show/WWMS/main/Product%20Images/Coming_Soon.png,g,,,archived
vintage-sage-essential-oil-blend,Vintage - Rose - Essential Oil Blend ,,Wild Woman Medicine Show,product,"Line: Vintage, Blend: Rose, Product: Essential Oil Blend",true,Size,15ml,,,,,Vintage - Rose - Essential Oil Blend - 15ml,15,,0,deny,manual,25,,true,true,,https://raw.githubusercontent.com/Wild-Woman-Medicine-Show/WWMS/main/Product%20Images/Coming_Soon.png,1,Vintage - Rose - Essential Oil Blend ,false,,,,,,,,,,,,,,,,https://raw.githubusercontent.com/Wild-Woman-Medicine-Show/WWMS/main/Product%20Images/Coming_Soon.png,g,,,active
vintage-sandalwood-essential-oil-blend,Vintage - Sage - Essential Oil Blend ,,Wild Woman Medicine Show,product,"Line: Vintage, Blend: Sage, Product: Essential Oil Blend",true,Size,15ml,,,,,Vintage - Sage - Essential Oil Blend - 15ml,15,,0,deny,manual,40,,true,true,,https://raw.githubusercontent.com/Wild-Woman-Medicine-Show/WWMS/main/Product%20Images/Coming_Soon.png,1,Vintage - Sage - Essential Oil Blend ,false,,,,,,,,,,,,,,,,https://raw.githubusercontent.com/Wild-Woman-Medicine-Show/WWMS/main/Product%20Images/Coming_Soon.png,g,,,active
vintage-sweet-pea-essential-oil-blend,Vintage - Sandalwood - Essential Oil Blend ,,Wild Woman Medicine Show,product,"Line: Vintage, Blend: Sandalwood, Product: Essential Oil Blend",true,Size,15ml,,,,,Vintage - Sandalwood - Essential Oil Blend - 15ml,15,,0,deny,manual,18,,true,true,,https://raw.githubusercontent.com/Wild-Woman-Medicine-Show/WWMS/main/Product%20Images/Coming_Soon.png,1,Vintage - Sandalwood - Essential Oil Blend ,false,,,,,,,,,,,,,,,,https://raw.githubusercontent.com/Wild-Woman-Medicine-Show/WWMS/main/Product%20Images/Coming_Soon.png,g,,,active
vintage-sweetgrass-essential-oil-blend,Vintage - Sweet Pea - Essential Oil Blend ,,Wild Woman Medicine Show,product,"Line: Vintage, Blend: Sweet Pea, Product: Essential Oil Blend",true,Size,15ml,,,,,Vintage - Sweet Pea - Essential Oil Blend - 15ml,15,,0,deny,manual,18,,true,true,,https://raw.githubusercontent.com/Wild-Woman-Medicine-Show/WWMS/main/Product%20Images/Coming_Soon.png,1,Vintage - Sweet Pea - Essential Oil Blend ,false,,,,,,,,,,,,,,,,https://raw.githubusercontent.com/Wild-Woman-Medicine-Show/WWMS/main/Product%20Images/Coming_Soon.png,g,,,active
vintage-vanilla-essential-oil-blend,Vintage - Sweetgrass - Essential Oil Blend ,,Wild Woman Medicine Show,product,"Line: Vintage, Blend: Sweetgrass, Product: Essential Oil Blend",true,Size,15ml,,,,,Vintage - Sweetgrass - Essential Oil Blend - 15ml,15,,0,deny,manual,28,,true,true,,https://raw.githubusercontent.com/Wild-Woman-Medicine-Show/WWMS/main/Product%20Images/Coming_Soon.png,1,Vintage - Sweetgrass - Essential Oil Blend ,false,,,,,,,,,,,,,,,,https://raw.githubusercontent.com/Wild-Woman-Medicine-Show/WWMS/main/Product%20Images/Coming_Soon.png,g,,,active
vintage-violet-essential-oil-blend,Vintage - Vanilla - Essential Oil Blend ,,Wild Woman Medicine Show,product,"Line: Vintage, Blend: Vanilla, Product: Essential Oil Blend",true,Size,15ml,,,,,Vintage - Vanilla - Essential Oil Blend - 15ml,15,,0,deny,manual,18,,true,true,,https://raw.githubusercontent.com/Wild-Woman-Medicine-Show/WWMS/main/Product%20Images/Coming_Soon.png,1,Vintage - Vanilla - Essential Oil Blend ,false,,,,,,,,,,,,,,,,https://raw.githubusercontent.com/Wild-Woman-Medicine-Show/WWMS/main/Product%20Images/Coming_Soon.png,g,,,active
vintage-white-tea-and-ginger-essential-oil-blend,Vintage - Violet - Essential Oil Blend ,,Wild Woman Medicine Show,product,"Line: Vintage, Blend: Violet, Product: Essential Oil Blend",true,Size,15ml,,,,,Vintage - Violet - Essential Oil Blend - 15ml,15,,0,deny,manual,18,,true,true,,https://raw.githubusercontent.com/Wild-Woman-Medicine-Show/WWMS/main/Product%20Images/Coming_Soon.png,1,Vintage - Violet - Essential Oil Blend ,false,,,,,,,,,,,,,,,,https://raw.githubusercontent.com/Wild-Woman-Medicine-Show/WWMS/main/Product%20Images/Coming_Soon.png,g,,,active
vintage-wild-rose-essential-oil-blend,Vintage - White Tea and Ginger - Essential Oil Blend ,,Wild Woman Medicine Show,product,"Line: Vintage, Blend: White Tea and Ginger, Product: Essential Oil Blend",true,Size,15ml,,,,,Vintage - White Tea and Ginger - Essential Oil Blend - 15ml,15,,0,deny,manual,18,,true,true,,https://raw.githubusercontent.com/Wild-Woman-Medicine-Show/WWMS/main/Product%20Images/Coming_Soon.png,1,Vintage - White Tea and Ginger - Essential Oil Blend ,false,,,,,,,,,,,,,,,,https://raw.githubusercontent.com/Wild-Woman-Medicine-Show/WWMS/main/Product%20Images/Coming_Soon.png,g,,,active
vintage-dragon's-blood-essential-oil-blend,Vintage - Wild Rose - Essential Oil Blend ,,Wild Woman Medicine Show,product,"Line: Vintage, Blend: Wild Rose, Product: Essential Oil Blend",true,Size,15ml,,,,,Vintage - Wild Rose - Essential Oil Blend - 15ml,15,,0,deny,manual,,,true,true,,https://raw.githubusercontent.com/Wild-Woman-Medicine-Show/WWMS/main/Product%20Images/Coming_Soon.png,1,Vintage - Wild Rose - Essential Oil Blend ,false,,,,,,,,,,,,,,,,https://raw.githubusercontent.com/Wild-Woman-Medicine-Show/WWMS/main/Product%20Images/Coming_Soon.png,g,,,archived
vintage-wintergreen-essential-oil-blend,Vintage - Wintergreen - Essential Oil Blend ,,Wild Woman Medicine Show,product,"Line: Vintage, Blend: Wintergreen, Product: Essential Oil Blend",true,Size,15ml,,,,,Vintage - Wintergreen - Essential Oil Blend - 15ml,15,,0,deny,manual,20,,true,true,,https://raw.githubusercontent.com/Wild-Woman-Medicine-Show/WWMS/main/Product%20Images/Coming_Soon.png,1,Vintage - Wintergreen - Essential Oil Blend ,false,,,,,,,,,,,,,,,,https://raw.githubusercontent.com/Wild-Woman-Medicine-Show/WWMS/main/Product%20Images/Coming_Soon.png,g,,,active
